appl_id,district_code,taluk_code,town_code,ward_code,block_code,survey_no,temp_sub_div_no,new_sub_div_no,existing_patta_no,area_hec,area_ares,area_sqmtr,npatta_waste,update_dt,submit_dt,land_type,govt_pri,tax_rate,tax_hect,soil_typ_p,soil_typ_s,adopt_area_hec,adopt_area_ares,status,adopt_area_sqmtr,sd_adopt_area_hec,sd_adopt_area_ares,sd_adopt_area_sqmtr,dis_adopt_area_hec,dis_adopt_area_ares,dis_adopt_area_sqmtr,new_patta_no,group_survey_no,group_sub_div_no,group_temp_sub_div_no,group_patta_no,plot_type,plot_no,land_use,descriptive_landuse
2026/0154/02/012547,02,14,001,001,0055,7,1/T2,,-,0,1,10.5,,2026-09-21 09:47:07.691,,,,,,0,,0,1,E,10.5,,,,,,,,,,,,,,6,வீடு
2026/0154/02/012715,02,14,001,001,0001,293,1/T1,,394,0,4,61.0,,2026-09-02 19:28:15.87,,,,,,0,,0,4,E,61.0,0,4,61.0,,,,,,,,,,,6,-
2026/0154/02/012715,02,14,001,001,0001,293,1/T2,,-,0,1,32.0,,2026-09-02 19:28:15.87,,,,,,0,,0,1,E,32.0,0,1,32.0,,,,,,,,,,,6,காலிமனை
2026/0154/02/012766,02,14,001,001,0025,76,2/T1,2,3908,0,1,33.0,,2026-08-21 17:44:48.338,,,,,,0,,0,1,E,33.0,0,1,33.0,0,1,33.0,3908,,,,,,,6,யு.எல்.சி
2026/0154/02/012766,02,14,001,001,0025,76,2/T2,4,-,0,1,33.0,,2026-08-21 17:44:48.338,,,,,,0,,0,1,E,33.0,0,1,33.0,0,1,33.0,84082,,,,,,,6,யு.எல்.சி
2026/0154/02/012834,02,14,001,001,0033,75,1/T1,1,5161,0,4,61.0,,2026-09-15 08:09:53.122,,,,,,0,,0,4,E,61.0,,,,,,,5161,,,,,,,6,வீடு காலி மனை
2026/0154/02/012834,02,14,001,001,0033,75,1/T2,4,-,0,2,19.0,,2026-09-15 08:09:53.122,,,,,,0,,0,2,E,19.0,,,,,,,84106,,,,,,,6,வீடு
2026/0154/02/012866,02,14,001,001,0001,217,1/T1,,284,0,5,94.0,,2026-09-15 08:14:37.017,,,,,,0,,0,5,E,94.0,0,5,94.0,,,,,,,,,,,6,காலிநிலம்
2026/0154/02/012866,02,14,001,001,0001,217,1/T2,,-,0,0,45.0,,2026-09-15 08:14:37.017,,,,,,0,,0,0,E,45.0,0,0,45.0,,,,,,,,,,,6,காலிநிலம்
2026/0154/02/013133,02,14,001,001,0055,7,1/T3,,-,0,1,18.0,,2026-09-21 09:47:07.691,,,,,,0,,0,1,E,18.0,,,,,,,,,,,,,,6,வீடு
2026/0154/02/013180,02,14,001,001,0007,72,1/T1,1,1533,0,1,1.5,,2026-09-02 19:49:12.475,,,,,,0,,0,1,E,1.5,,,,,,,1533,,,,,,,6,மாடி வீடு
2026/0154/02/013180,02,14,001,001,0007,72,1/T2,4,-,0,0,5.5,,2026-09-02 19:49:12.475,,,,,,0,,0,0,E,5.5,,,,,,,84107,,,,,,,6,மாடி வீடு
2026/0154/02/013262,02,14,001,001,0001,306,1/T1,,429,0,2,83.5,,2026-09-15 08:59:00.865,,,,,,0,,0,2,E,83.5,,,,,,,,,,,,,,6,காலிநிலம்தெரு
2026/0154/02/013262,02,14,001,001,0001,306,1/T2,,-,0,1,5.0,,2026-09-15 08:59:00.865,,,,,,0,,0,1,E,5.0,,,,,,,,,,,,,,6,வீடு
2026/0154/02/013297,02,14,001,001,0021,18/1,1/T1,,3198,0,14,59.5,,2026-09-15 09:03:37.838,,,,,,0,,0,14,E,59.5,,,,,,,,,,,,,,6,காலியிடம்
2026/0154/02/013297,02,14,001,001,0021,18/1,1/T2,,-,0,1,30.5,,2026-09-15 09:03:37.838,,,,,,0,,0,1,E,30.5,,,,,,,,,,,,,,6,வீடு
2026/0154/02/013410,02,14,001,001,0031,11,0/T1,,4890,0,1,68.0,,2026-09-15 09:20:11.923,,,,,,0,,0,1,E,68.0,,,,,,,,,,,,,,6,-
2026/0154/02/013410,02,14,001,001,0031,11,0/T2,,-,0,0,66.5,,2026-09-15 09:20:11.923,,,,,,0,,0,0,E,66.5,,,,,,,,,,,,,,6,வீடு
2026/0154/02/013410,02,14,001,001,0031,11,0/T3,,-,0,0,66.5,,2026-09-15 09:20:11.923,,,,,,0,,0,0,E,66.5,,,,,,,,,,,,,,6,வீடு
2026/0154/02/013534,02,14,001,001,0050,60,1/T1,1,7585,0,0,52.0,,2026-09-15 09:28:52.88,,,,,,0,,0,0,E,52.0,0,0,52.0,,,,7585,,,,,,,6,வீடு
2026/0154/02/013534,02,14,001,001,0050,60,1/T2,3,-,0,0,62.0,,2026-09-15 09:28:52.88,,,,,,0,,0,0,E,62.0,0,0,62.0,,,,84109,,,,,,,6,வீடு
2026/0154/02/013534,02,14,001,001,0050,60,1/T3,4,-,0,0,11.0,,2026-09-15 09:28:52.88,,,,,,0,,0,0,E,11.0,0,0,11.0,,,,84110,,,,,,,6,காலிமனை
2026/0154/02/013563,02,14,001,001,0034,4,1/T1,1,5193,0,2,93.3,,2026-08-31 12:15:59.57,,,,,,0,,0,2,E,93.5,0,2,93.5,,,,5193,,,,,,,6,தளம்
2026/0154/02/013563,02,14,001,001,0034,4,1/T2,3,-,0,0,29.7,,2026-08-31 12:15:59.57,,,,,,0,,0,0,E,29.5,0,0,29.5,,,,84111,,,,,,,6,தளம்
2026/0154/02/013567,02,14,001,001,0002,26,1/T1,1,515,0,4,39.0,,2026-08-31 12:30:37.193,,,,,,0,,0,4,E,39.0,0,4,39.0,,,,515,,,,,,,6,காலி மனைகள்
2026/0154/02/013567,02,14,001,001,0002,26,1/T2,7,-,0,6,74.0,,2026-08-31 12:30:37.193,,,,,,0,,0,6,E,74.0,0,6,74.0,,,,84112,,,,,,,6,காலி மனைகள்
2026/0154/02/013642,02,14,001,001,0003,103,6/T3,11,-,0,0,22.0,,2026-08-31 08:03:23.435,,,,,,0,,0,0,E,22.0,0,0,22.0,0,0,22.0,84088,,,,,,,6,காலி மனை
2026/0154/02/013656,02,14,001,001,0055,7,1/T1,,8232,0,38,88.5,,2026-09-21 09:47:07.691,,,,,,0,,0,38,E,88.5,,,,,,,,,,,,,,6,வீடு
2026/0154/02/013710,02,14,001,001,0005,54,1/T1,1,1144,0,0,9.0,,2026-09-15 19:56:43.073,,,,,,0,,0,0,E,9.0,,,,,,,1144,,,,,,,6,காலி மனை
2026/0154/02/013710,02,14,001,001,0005,54,1/T2,3,-,0,0,97.0,,2026-09-15 19:56:43.073,,,,,,0,,0,0,E,97.0,,,,,,,84113,,,,,,,6,காலி மனை
2026/0154/02/013710,02,14,001,001,0005,54,1/T3,4,-,0,0,65.5,,2026-09-15 19:56:43.073,,,,,,0,,0,0,E,65.5,,,,,,,84114,,,,,,,6,காலி மனை
2026/0154/02/014614,02,14,001,001,0008,13/1,1/T1,1,1610,0,3,78.0,,2026-09-15 10:26:17.301,,,,,,0,,0,3,E,78.0,,,,,,,1610,,,,,,,6,காலி மனை
2026/0154/02/014614,02,14,001,001,0008,13/1,1/T2,6,-,0,2,30.0,,2026-09-15 10:26:17.301,,,,,,0,,0,2,E,30.0,,,,,,,84115,,,,,,,6,வீடு
2026/0154/02/014646,02,14,001,001,0002,7,1/T1,1,484,0,5,60.5,,2026-09-15 10:31:16.711,,,,,,0,,0,5,E,60.5,,,,,,,484,,,,,,,6,காலி மனை
2026/0154/02/014646,02,14,001,001,0002,7,1/T2,14,-,0,1,10.5,,2026-09-15 10:31:16.711,,,,,,0,,0,1,E,10.5,,,,,,,84116,,,,,,,6,வீடு
2026/0154/02/015395,02,14,001,001,0025,120,1/T1,,3973,0,5,18.0,,2026-09-24 10:00:45.816,,,,,,0,,0,5,E,18.0,,,,,,,,,,,,,,6,காலி
2026/0154/02/015395,02,14,001,001,0025,120,1/T2,,-,0,1,57.0,,2026-09-24 10:00:45.816,,,,,,0,,0,1,E,57.0,,,,,,,,,,,,,,6,காலிமனை
