appl_id,owner_name,relation,relative_name,extent_u1,extent_u2,extent_u3,patta_no,relation_code,district_code,taluk_code,town_code,ward_code,block_code,survey_no,temp_sub_div_no,new_sub_div_no,existing_patta_no,owner_num,status,owner_ename,relative_ename,share,aadhar_no,sex
2026/0154/02/012547,J.ரவி,மகன்,ஜெயராமன்,,,,-,5,02,14,001,001,0055,7,1/T2,,,1,,,,,,M
2026/0154/02/012547,R.சுமதி,மனைவி,J.ரவி,,,,-,4,02,14,001,001,0055,7,1/T2,,,2,,,,,,F
2026/0154/02/012715,ப. துரைசாமிபிள்ளை,...,-,,,,394,0,02,14,001,001,0001,293,1/T1,,,1,,,,,,M
2026/0154/02/012715,சின்னம்மாள்,...,-,,,,394,0,02,14,001,001,0001,293,1/T1,,,2,,,,,,M
2026/0154/02/012715,S.மாலாவதி,மனைவி,சுப்பிரமணியன்,,,,-,4,02,14,001,001,0001,293,1/T2,,,1,,,,,,F
2026/0154/02/012766,தமிழ்நாடு அரசு,...,,,,,3908,0,02,14,001,001,0025,76,2/T1,,,1,,,,,,M
2026/0154/02/012766,ரமேஷ்,மகன்,ராமலிங்கம்,,,,-,5,02,14,001,001,0025,76,2/T2,,,1,,,,,,M
2026/0154/02/012766,ராமன்,மகன்,ராமலிங்கம்,,,,-,5,02,14,001,001,0025,76,2/T2,,,2,,,,,,M
2026/0154/02/012766,கணேஷ்,மகன்,ராமலிங்கம்,,,,-,5,02,14,001,001,0025,76,2/T2,,,3,,,,,,M
2026/0154/02/012766,சுபா,மனைவி,ராமன்,,,,-,4,02,14,001,001,0025,76,2/T2,,,4,,,,,,F
2026/0154/02/012866,எம்.எஸ். மகேஷ்குமார,மகன்,சம்பத்குமார,,,,284,5,02,14,001,001,0001,217,1/T1,,,1,,,,,,M
2026/0154/02/012866,தி.கே. ராமநாயக்கரதம்பு,...,,,,,284,0,02,14,001,001,0001,217,1/T1,,,2,,,,,,M
2026/0154/02/012866,சி. ஜெகதீசன்,மகன்,சின்னதுரை,,,,284,5,02,14,001,001,0001,217,1/T1,,,3,,,,,,M
2026/0154/02/012866,சீனிவாசன்,மகன்,ராமமூரத்தி,,,,284,5,02,14,001,001,0001,217,1/T1,,,4,,,,,,M
2026/0154/02/012866,S.முருகன்,மகன்,சர்க்கரை,,,,-,5,02,14,001,001,0001,217,1/T2,,,1,,,,,,M
2026/0154/02/013133,M.ராகேஷ்,மகன்,முனிரத்தினம்,,,,-,5,02,14,001,001,0055,7,1/T3,,,1,,,,,,M
2026/0154/02/013180,GOPINATH RAMALINGAM,மகன்,RAMALINGAM,,,,1533,5,02,14,001,001,0007,72,1/T1,,,1,,,,,,M
2026/0154/02/013180,N.NIRMALA,மனைவி,R.GOPINATH,,,,1533,4,02,14,001,001,0007,72,1/T1,,,2,,,,,,F
2026/0154/02/013180,G.KRISHNAMOORTHY,மகன்,A.GOVINDARAJ,,,,-,5,02,14,001,001,0007,72,1/T2,,,1,,,,,,M
2026/0154/02/013262,இராஜகோபால் பிள்ளை,...,-,,,,429,0,02,14,001,001,0001,306,1/T1,,,1,,,,,,M
2026/0154/02/013262,V.வெங்கடேசன்,மகன்,வேணுப்பிள்ளை,,,,-,5,02,14,001,001,0001,306,1/T2,,,1,,,,,,M
2026/0154/02/013297,மங்கன்தாஸ்,மகன்,பரந்தாமன்,,,,3198,5,02,14,001,001,0021,18/1,1/T1,,,1,,,,,,M
2026/0154/02/013297,இ.எம்.எம். சேரட்டி,...,-,,,,3198,0,02,14,001,001,0021,18/1,1/T1,,,2,,,,,,M
2026/0154/02/013297,R.ராகினி,மனைவி,ராமமூர்த்தி,,,,-,4,02,14,001,001,0021,18/1,1/T2,,,1,,,,,,F
2026/0154/02/013410,வேதநாயகி,...,-,,,,4890,0,02,14,001,001,0031,11,0/T1,,,1,,,,,,M
2026/0154/02/013410,D.சுரேஷ்,மகன்,துரைராஜ்,,,,-,5,02,14,001,001,0031,11,0/T2,,,1,,,,,,M
2026/0154/02/013410,D.பாலாஜி,மகன்,துரைராஜ்,,,,-,5,02,14,001,001,0031,11,0/T3,,,1,,,,,,M
2026/0154/02/013534,N.ரமேஷ்பாபு,மகன்,நமசிவாயம்,,,,7585,5,02,14,001,001,0050,60,1/T1,,,1,,,,,,M
2026/0154/02/013534,N.தனசேகரன்,மகன்,நமசிவாயம்,,,,-,5,02,14,001,001,0050,60,1/T2,,,1,,,,,,M
2026/0154/02/013534,N.தனசேகரன்,மகன்,நமசிவாயம்,,,,-,5,02,14,001,001,0050,60,1/T3,,,1,,,,,,M
2026/0154/02/013534,N.ரமேஷ்பாபு,மகன்,நமசிவாயம்,,,,-,5,02,14,001,001,0050,60,1/T3,,,2,,,,,,M
2026/0154/02/013563,ராமமூர்த்தி,மகன்,சுந்தர அய்யர்,,,,5193,5,02,14,001,001,0034,4,1/T1,,,1,,,,,,M
2026/0154/02/013563,பாலாஜி,மகன்,சந்திரசேகர்,,,,5193,5,02,14,001,001,0034,4,1/T1,,,2,,,,,,M
2026/0154/02/013563,இளமதி,மனைவி,செந்தில்குமார்,,,,5193,4,02,14,001,001,0034,4,1/T1,,,3,,,,,,M
2026/0154/02/013563,M.C.BALAJI,மகன்,Macheri Chandrasekar,,,,-,5,02,14,001,001,0034,4,1/T2,,,1,,,,,,M
2026/0154/02/013563,A.ELAMATHI,மனைவி,V.Senthilkumar,,,,-,4,02,14,001,001,0034,4,1/T2,,,2,,,,,,F
2026/0154/02/013567,முத்தம்மாள்,...,-,,,,515,0,02,14,001,001,0002,26,1/T1,,,1,,,,,,M
2026/0154/02/013567,722. இ.எம்.எம். சேரட்டி,...,-,,,,515,0,02,14,001,001,0002,26,1/T1,,,2,,,,,,M
2026/0154/02/013567,H.சைலஜா,மனைவி,P.ஹரிகிருஷ்ணன்,,,,-,4,02,14,001,001,0002,26,1/T2,,,1,,,,,,F
2026/0154/02/013642,R.வெங்கடேஷ்,மகன்,ரங்கநாதன்,,,,-,5,02,14,001,001,0003,103,6/T3,,,1,,,,,,M
2026/0154/02/013642,N.சரோஜா,மனைவி,ரங்கநாதன்,,,,-,4,02,14,001,001,0003,103,6/T3,,,2,,,,,,F
2026/0154/02/013642,உத்ரா,மகள்,மகாதேவன்,,,,-,6,02,14,001,001,0003,103,6/T3,,,3,,,,,,F
2026/0154/02/013656,ஆர்.சுப்பிரமணி,...,-,,,,8232,0,02,14,001,001,0055,7,1/T1,,,1,,,,,,M
2026/0154/02/013656,குஞ்சுமணி,...,-,,,,8232,0,02,14,001,001,0055,7,1/T1,,,2,,,,,,M
2026/0154/02/013656,வெங்கட்ராமன்,...,-,,,,8232,0,02,14,001,001,0055,7,1/T1,,,3,,,,,,M
2026/0154/02/013656,சண்பக வள்ளி,மனைவி,சண்முக ரெட்டி,,,,8232,4,02,14,001,001,0055,7,1/T1,,,4,,,,,,M
2026/0154/02/013710,ஜெ. லட்சுமி,...,-,,,,1144,0,02,14,001,001,0005,54,1/T1,,,1,,,,,,M
2026/0154/02/013710,S.கோமதி,மனைவி,சௌந்தர்ராஜன்,,,,-,4,02,14,001,001,0005,54,1/T2,,,1,,,,,,F
2026/0154/02/013710,V.மனோகரி,மனைவி,வடிவேல்,,,,-,4,02,14,001,001,0005,54,1/T3,,,1,,,,,,F
2026/0154/02/014614,வான்மூர்த்தி,...,-,,,,1610,0,02,14,001,001,0008,13/1,1/T1,,,1,,,,,,M
2026/0154/02/014614,கி.பொன்னுசாமி மற்றும் 4 பேர்கள்,...,-,,,,1610,0,02,14,001,001,0008,13/1,1/T1,,,2,,,,,,M
2026/0154/02/014614,C.M.ரவிச்சந்திரன்,மகன்,முருகேசன்,,,,-,5,02,14,001,001,0008,13/1,1/T2,,,1,,,,,,M
2026/0154/02/014614,C.M.தியாகராஜன்,மகன்,முருகேசன்,,,,-,5,02,14,001,001,0008,13/1,1/T2,,,2,,,,,,M
2026/0154/02/014646,கா.கெங்கன்,...,-,,,,484,0,02,14,001,001,0002,7,1/T1,,,1,,,,,,M
2026/0154/02/014646,நைனியப்பன்.,...,...,,,,484,0,02,14,001,001,0002,7,1/T1,,,2,,,,,,M
2026/0154/02/014646,இ.என்.என். சேரட்டி,...,-,,,,484,0,02,14,001,001,0002,7,1/T1,,,3,,,,,,M
2026/0154/02/014646,மாரியம்மாள்,...,-,,,,484,0,02,14,001,001,0002,7,1/T1,,,4,,,,,,M
2026/0154/02/014646,ஸ்ரீ சாய் தேவிகா,மனைவி,ரமேஷ்,,,,-,4,02,14,001,001,0002,7,1/T2,,,1,,,,,,F
2026/0154/02/015395,இ.எம்.எம் சேரட்டி,...,,,,,3973,0,02,14,001,001,0025,120,1/T1,,,1,,,,,,M
2026/0154/02/015395,புவனேஸ்வரி,மனைவி,குமார்,,,,-,4,02,14,001,001,0025,120,1/T2,,,1,,,,,,F
