appl_id,owner_name,owner_ename,relation,relative_name,relative_ename,extent_u1,extent_u2,extent_u3,patta_no,relation_code,district_code,taluk_code,town_code,ward_code,block_code,survey_no,subdiv_no,new_sub_div_no,existing_patta_no,owner_num,status,share,aadhar_no,sex
2026/0154/02/012547,ஆர்.சுப்பிரமணி,,...,-,,,,,,0,02,14,001,001,0055,7,1,,8232,1,M,,,
2026/0154/02/012547,குஞ்சுமணி,,...,-,,,,,,0,02,14,001,001,0055,7,1,,8232,2,M,,,
2026/0154/02/012547,சண்பக வள்ளி,,மனைவி,சண்முக ரெட்டி,,,,,,4,02,14,001,001,0055,7,1,,8232,4,M,,,
2026/0154/02/012547,வெங்கட்ராமன்,,...,-,,,,,,0,02,14,001,001,0055,7,1,,8232,3,M,,,
2026/0154/02/012715,சின்னம்மாள்,,...,-,,,,,,0,02,14,001,001,0001,293,1,,394,2,,,,
2026/0154/02/012715,ப. துரைசாமிபிள்ளை,,...,-,,,,,,0,02,14,001,001,0001,293,1,,394,1,,,,
2026/0154/02/012766,தமிழ்நாடு அரசு,,...,,,,,,,0,02,14,001,001,0025,76,2,,3908,1,,,,
2026/0154/02/012834,DIXON K GEORGE,,மகன்,Kevin George,,,,,,5,02,14,001,001,0033,75,1,,5161,4,,,,
2026/0154/02/012834,SIANZA GEORGE,,மனைவி,George,,,,,,4,02,14,001,001,0033,75,1,,5161,3,,,,
2026/0154/02/012834,எஸ். சாந்தலட்சுமி,,...,-,,,,,,0,02,14,001,001,0033,75,1,,5161,1,,,,
2026/0154/02/012834,ஏ.ஆர்.சந்தானகிருஷ்ணன்,,...,-,,,,,,0,02,14,001,001,0033,75,1,,5161,2,,,,
2026/0154/02/012866,எம்.எஸ். மகேஷ்குமார,,மகன்,சம்பத்குமார,,,,,,5,02,14,001,001,0001,217,1,,284,1,,,,
2026/0154/02/012866,சி. ஜெகதீசன்,,மகன்,சின்னதுரை,,,,,,5,02,14,001,001,0001,217,1,,284,3,,,,
2026/0154/02/012866,சீனிவாசன்,,மகன்,ராமமூரத்தி,,,,,,5,02,14,001,001,0001,217,1,,284,4,,,,
2026/0154/02/012866,தி.கே. ராமநாயக்கரதம்பு,,...,,,,,,,0,02,14,001,001,0001,217,1,,284,2,,,,
2026/0154/02/013180,கோ. கிருஷ்ணமூர்த்தி,,மகன்,கோவிந்தராஜ்,,,,,,5,02,14,001,001,0007,72,1,,1533,3,,,,
2026/0154/02/013180,கோபிநாத் ராமலிங்கம்,,மகன்,ராமலிங்கம்,,,,,,5,02,14,001,001,0007,72,1,,1533,1,,,,
2026/0154/02/013180,நா. நிர்மலா,,மனைவி,கோபிநாத்,,,,,,4,02,14,001,001,0007,72,1,,1533,2,,,,
2026/0154/02/013262,இராஜகோபால் பிள்ளை,,...,-,,,,,,0,02,14,001,001,0001,306,1,,429,1,,,,
2026/0154/02/013297,இ.எம்.எம். சேரட்டி,-,...,-,-,,,,,0,02,14,001,001,0021,18/1,1,,3198,2,,,,
2026/0154/02/013297,மங்கன்தாஸ்,-,மகன்,பரந்தாமன்,-,,,,,5,02,14,001,001,0021,18/1,1,,3198,1,,,,
2026/0154/02/013410,வேதநாயகி                                                                                                                     ,,...,-                                                                                                                            ,,,,,,0,02,14,001,001,0031,11,0,,4890,1,,,,
2026/0154/02/013534,நமச்சிவாயம்,-,மகன்,சுப்பிரமணியன்,-,,,,,5,02,14,001,001,0050,60,1,,7585,1,,,,
2026/0154/02/013563,இளமதி,,மனைவி,செந்தில்குமார்,,,,,,4,02,14,001,001,0034,4,1,,5193,3,,,,
2026/0154/02/013563,பாலாஜி,,மகன்,சந்திரசேகர்,,,,,,5,02,14,001,001,0034,4,1,,5193,2,,,,
2026/0154/02/013563,ராமமூர்த்தி,,மகன்,சுந்தர அய்யர்,,,,,,5,02,14,001,001,0034,4,1,,5193,1,,,,
2026/0154/02/013567,722. இ.எம்.எம். சேரட்டி,,...,-,,,,,,0,02,14,001,001,0002,26,1,,515,2,,,,
2026/0154/02/013567,முத்தம்மாள்,,...,-,,,,,,0,02,14,001,001,0002,26,1,,515,1,,,,
2026/0154/02/013710,ஜெ. லட்சுமி,,...,-,,,,,,0,02,14,001,001,0005,54,1,,1144,1,,,,
2026/0154/02/014614,கி.பொன்னுசாமி மற்றும் 4 பேர்கள்,,...,-,,,,,,0,02,14,001,001,0008,13/1,1,,1610,2,,,,
2026/0154/02/014614,வான்மூர்த்தி,,...,-,,,,,,0,02,14,001,001,0008,13/1,1,,1610,1,,,,
2026/0154/02/014646,இ.என்.என். சேரட்டி,,...,-,,,,,,0,02,14,001,001,0002,7,1,,484,3,,,,
2026/0154/02/014646,கா.கெங்கன்,,...,-,,,,,,0,02,14,001,001,0002,7,1,,484,1,,,,
2026/0154/02/014646,நைனியப்பன்.,,...,...,,,,,,0,02,14,001,001,0002,7,1,,484,2,,,,
2026/0154/02/014646,மாரியம்மாள்,,...,-,,,,,,0,02,14,001,001,0002,7,1,,484,4,,,,
2026/0154/02/015395,இ.எம்.எம் சேரட்டி,,...,,,,,,,0,02,14,001,001,0025,120,1,,3973,1,M,,,
