district_code,taluk_code,town_code,ward_code,block_code,appl_id,survey_no,sub_div_no,pa_submit_date,reason_code,sis_rec,sis_remarks,sis_submit_date,zdt_rec,zdt_remarks,zdt_submit_date,sd_rec,sd_remarks,sd_submit_date,dis_rec,dis_remarks,dis_submit_date,thl_rec,thl_remarks,thl_submit_date,rdo_rec,rdo_remarks,rdo_submit_date,collr_dro_rec,collr_dro_remarks,collr_dro_submit_date,govt_change_flag,priv_change_flag,dro_rec,dro_remarks,dro_submit_date,certificate_sis,certificate_dis,coss_rec,coss_remarks,coss_submit_date,cla_rec,cla_remarks,cla_submit_date,camp_code
02,14,001,001,0003,2026/0158/02/001804,161,0,2026-09-08 17:05:13.421,05,Y,Recommended ,2026-09-08 00:00:00,Y,Approved,2026-09-16 00:00:00,Y,Rec,2026-09-18 00:00:00,Y,Recommended,2026-09-22 00:00:00,Y,Approved,2026-09-23 00:00:00,,,,,,,N,N,,,,,,,,,,,,
02,14,001,001,0026,2026/0158/02/000002,137,0,2026-01-01 13:48:42.233,08,Y,Recommended ,2026-01-19 00:00:00,Y,Recommended,2026-01-20 00:00:00,Y,recommended,2026-01-21 00:00:00,Y,recommended,2026-01-21 00:00:00,Y,Recommened,2026-01-21 00:00:00,Y,Approved,2026-01-27 00:00:00,,,,,N,,,,,,,,,,,,
02,14,001,001,0026,2026/0158/02/000003,138,0,2026-01-01 13:51:51.349,08,Y,Recommended ,2026-01-19 00:00:00,Y,Recommended,2026-01-20 00:00:00,Y,recommended,2026-01-21 00:00:00,Y,recommended,2026-01-21 00:00:00,Y,Recommended,2026-01-21 00:00:00,Y,Approved,2026-01-27 00:00:00,,,,,N,,,,,,,,,,,,
02,14,001,001,0026,2026/0158/02/000004,139,0,2026-01-01 13:54:04.357,08,Y,Recommended ,2026-01-19 00:00:00,Y,Recommended,2026-01-20 00:00:00,Y,recommended,2026-01-21 00:00:00,Y,recommended,2026-01-21 00:00:00,Y,Recommended,2026-01-21 00:00:00,Y,Approved,2026-01-27 00:00:00,,,,,N,,,,,,,,,,,,
02,14,001,001,0026,2026/0158/02/000005,140,0,2026-01-01 13:56:16.645,08,Y,Recommended ,2026-01-19 00:00:00,Y,Recommended,2026-01-20 00:00:00,Y,recommended,2026-01-21 00:00:00,Y,recommended,2026-01-21 00:00:00,Y,Recommended,2026-01-21 00:00:00,Y,Approved,2026-01-27 00:00:00,,,,,N,,,,,,,,,,,,
02,14,001,001,0026,2026/0158/02/000006,141,0,2026-01-01 13:58:20.412,08,Y,Recommended ,2026-01-19 00:00:00,Y,Recommended,2026-01-20 00:00:00,Y,recommended,2026-01-21 00:00:00,Y,recommended,2026-01-21 00:00:00,Y,Recommended,2026-01-21 00:00:00,Y,Approved,2026-01-27 00:00:00,,,,,N,,,,,,,,,,,,
02,14,001,008,0065,2026/0159/02/000091,407,0,2026-03-03 11:53:32.122,08,Y,"
RECOMMENDED",2026-03-09 00:00:00,Y,Recommended,2026-03-12 00:00:00,Y,recommended,2026-03-12 00:00:00,Y,recommended,2026-03-12 00:00:00,Y,APPROVED,2026-06-09 00:00:00,Y,Recommended,2026-06-16 00:00:00,,,,,,,,,,,,,,,,,
02,14,001,001,0017,2026/0159/02/000092,85,3,2026-03-03 12:09:48.815,08,Y,RECOMMENDED,2026-03-09 00:00:00,Y,Recommended,2026-03-10 00:00:00,Y,recommended,2026-03-10 00:00:00,Y,recommended,2026-03-10 00:00:00,Y,Recommended,2026-03-10 00:00:00,Y,Recommended,2026-03-12 00:00:00,,,,,,,,,,,,,,,,,
02,14,001,001,0005,2026/0158/02/000063,10,0,2026-01-23 18:03:03.603,05,Y,recommended,2026-01-27 00:00:00,Y,Recommended,2026-01-27 00:00:00,Y,recommended,2026-01-30 00:00:00,Y,recommended,2026-01-30 00:00:00,Y,Recommended,2026-02-05 00:00:00,N,Rejected,2026-03-12 00:00:00,N,Rejected,2026-04-02 00:00:00,N,N,N,Not Recommended. Based on RDO Remarks,2026-03-12 00:00:00,,,N,File is rejected based on DRO s recommendation.,2026-03-13 00:00:00,N,File is rejected based on DOSS recommendation,2026-03-20 00:00:00,
02,14,001,001,0009,2026/0158/02/000477,38,0,2026-03-06 12:02:49.394,03,Y,reccomended,2026-03-12 00:00:00,Y,Recommended,2026-03-16 00:00:00,Y,recommended,2026-03-16 00:00:00,Y,recommended,2026-03-16 00:00:00,Y,Recommended,2026-05-15 00:00:00,Y,Approved,2026-05-18 00:00:00,N,Based on the DRO remarks.,2026-05-26 00:00:00,Y,N,N,Not Recommended. Classification change Ordered for 2358 Sq.ft only.,2026-05-22 00:00:00,,,,,,,,,
02,14,001,001,0008,2026/0158/02/000583,10/3,0,2026-04-11 12:14:19.857,08,Y,RECOMMENDED,2026-04-13 00:00:00,Y,Recommended,2026-04-29 00:00:00,Y,recommended,2026-05-08 00:00:00,Y,recommended,2026-05-08 00:00:00,Y,Recommended,2026-05-11 00:00:00,Y,Approved,2026-06-15 00:00:00,,,,,N,,,,,,,,,,,,
02,14,001,001,0005,2026/0158/02/000594,21,0,2026-05-08 17:07:36.276,05,Y,RECOMMENDED,2026-05-21 00:00:00,Y,Recommended for approval,2026-05-22 00:00:00,Y,recommended,2026-05-27 00:00:00,Y,OK,2026-05-27 00:00:00,Y,RECOMMENDED,2026-06-09 00:00:00,Y,Approved,2026-06-09 00:00:00,Y,Approved,2026-07-17 00:00:00,N,N,Y,"Recommended. Based on proceedings of the Additional Chief Secretary / Commissioner, Urban Land Ceiling and Urban Land Tax, Chennai-05, Vide Proc.No. J3/4002/2018 Dated. 08.03.2022",2026-06-11 00:00:00,,,Y,Recommended,2026-06-20 00:00:00,Y,Approved,2026-06-30 00:00:00,
02,14,001,001,0005,2026/0158/02/000606,10,0,2026-05-13 11:38:06.594,05,Y,reommended,2026-05-21 00:00:00,Y,Recommended for approval,2026-05-22 00:00:00,Y,recommended,2026-05-22 00:00:00,Y,recommended,2026-05-22 00:00:00,Y,Recommended,2026-05-25 00:00:00,Y,Approved,2026-06-09 00:00:00,Y,Approved,2026-07-02 00:00:00,N,N,Y,"Recommended. Based on proceedings of the Additional Chief Secretary / Commissioner, Urban Land Ceiling and Urban Land Tax, Chennai-05, J3/3782/2016 Dated. 29.11.2021",2026-06-11 00:00:00,,,Y,Recommended,2026-06-20 00:00:00,Y,Approved,2026-06-30 00:00:00,
02,14,001,001,0029,2026/0158/02/000639,8,1,2026-05-18 17:28:49.325,08,Y,RECOMMENDED,2026-05-20 00:00:00,Y,Approved,2026-05-20 00:00:00,Y,recommended,2026-05-21 00:00:00,Y,recommended,2026-05-21 00:00:00,Y,Approved,2026-05-21 00:00:00,Y,Approved,2026-05-21 00:00:00,,,,,N,,,,,,,,,,,,
02,14,001,001,0020,2026/0158/02/000869,84,0,2026-05-25 18:50:06.042,03,Y,rec,2026-05-25 00:00:00,Y,Recommended for Approval,2026-05-27 00:00:00,Y,recommended,2026-05-27 00:00:00,Y,recommended,2026-05-27 00:00:00,Y,Recommended,2026-05-29 00:00:00,Y,Approved,2026-06-02 00:00:00,Y,Approved,2026-06-23 00:00:00,N,N,Y,"Recommended. Based on the proceedings of the District Collector, vide proc.no. J13/4016111/2025 Dated 19.05.2026.",2026-06-02 00:00:00,,,,,,,,,
02,14,001,001,0013,2026/0158/02/000905,22,0,2026-06-12 17:29:07.631,05,Y,recommended,2026-06-17 00:00:00,Y,Approved,2026-06-22 00:00:00,Y,recommended,2026-06-24 00:00:00,Y,ok,2026-06-29 00:00:00,Y,Recommended Based on the TR.NO/2026/0158/02/000905-2026-06-12 17:29:07.631 COMMISSIONER OF URBAN LAND CEILING AND URBAN LAND TAX PROC NO.9281/2021/J3 DATED.09.02.2022,2026-06-30 00:00:00,Y,Approved,2026-07-08 00:00:00,,,,N,N,Y,Approved,2026-08-14 00:00:00,,,,,,,,,
02,14,001,001,0013,2026/0158/02/000906,24,0,2026-06-13 13:23:33.76,05,Y,recommended,2026-06-17 00:00:00,Y,Approved,2026-06-22 00:00:00,Y,recommended,2026-06-24 00:00:00,Y,ok,2026-06-29 00:00:00,Y,Based on the TR.NO/2026/0158/02/000906-2026-06-13 13:23:33.76 commissioner of urban land ceiling and urban land tax Proc No.9278/2021/J3 dated.09.02.20,2026-06-30 00:00:00,Y,Approved,2026-07-08 00:00:00,,,,N,N,Y,Recommended,2026-08-14 00:00:00,,,,,,,,,
02,14,001,001,0003,2026/0158/02/000924,118,0,2026-06-22 11:23:05.202,03,Y,Recommended ,2026-06-22 00:00:00,Y,Approved,2026-06-23 00:00:00,Y,recommended,2026-06-24 00:00:00,Y,recommended,2026-06-30 00:00:00,Y,Based on the TR.NO/2026/0158/02/000924-2026-06-22 11:23:05.202 As per collector Proceedings chennai district Proc.No.J8/4678/2023 and Tahsildar ambattur taluk Proc.No.C2/005/2026,2026-06-30 00:00:00,Y,Approved,2026-07-09 00:00:00,,,,Y,N,N,Not Recommended,2026-09-07 00:00:00,,,,,,,,,
02,14,001,001,0055,2026/0158/02/001060,46,34,2026-08-20 12:44:29.805,08,Y,Recommended ,2026-08-24 00:00:00,Y,Recommended for Approval,2026-08-25 00:00:00,Y,Recommended,2026-08-25 00:00:00,Y,Recommended,2026-08-25 00:00:00,Y,RECOMMENDED,2026-08-28 00:00:00,,,,,,,,N,,,,,,,,,,,,
02,14,001,001,0012,2026/0158/02/001062,20,0,2026-08-20 17:07:23.269,05,Y,Recommended ,2026-08-24 00:00:00,Y,Recommended for Approval,2026-08-25 00:00:00,Y,Recommended,2026-08-25 00:00:00,Y,Recommended,2026-08-25 00:00:00,Y,TR.NO/2026/0158/02/001062-2026-08-20 17:07:23.269 Proceedings by Commissioner of Urban Land ceiling and Urban Land Tax Proc No J3/0462/2021 Dated 15.03.2021,2026-08-28 00:00:00,,,,,,,N,N,,,,,,,,,,,,
02,14,001,001,0013,2026/0158/02/001574,2,0,2026-09-01 12:55:05.28,05,Y,Recommended ,2026-09-01 00:00:00,Y,Approved,2026-09-01 00:00:00,Y,rec,2026-09-02 00:00:00,Y,Rec,2026-09-02 00:00:00,Y,Recommended TR.NO/2026/0158/02/001574-2026-09-01 12:55:05.28 As per the Proceedings by Additional Chief Secretary/Commissioner of ULT and ULC Proc No J3/4168/2016 dated 14.06.2022,2026-09-02 00:00:00,,,,,,,N,N,,,,,,,,,,,,
02,14,001,005,0027,2026/0160/02/000009,84,0,2026-01-08 13:14:13.834,03,Y,Recommended,2026-01-08 00:00:00,Y,Recommended,2026-01-08 00:00:00,Y,recommended,2026-01-08 00:00:00,Y,recommended,2026-01-08 00:00:00,Y,Recommended for deletion,2026-01-08 00:00:00,Y,Recommended,2026-01-08 00:00:00,Y,Approved,2026-01-08 00:00:00,,,Y,"Recommended. Based on proceedings of the District Collector, vide Proc.no. J13/1660111/2024 Dated. 07.01.2026",2026-01-08 00:00:00,,,,,,,,,
02,14,001,005,0041,2026/0160/02/000020,38,1,2026-02-13 10:37:34.55,08,Y,RECOMMENDED ,2026-02-16 00:00:00,Y,Recommended,2026-03-02 00:00:00,Y,recommended,2026-03-06 00:00:00,Y,recommended,2026-03-06 00:00:00,Y,recommended,2026-03-11 00:00:00,,,,Y,Recommended,2026-05-12 00:00:00,,,,,,,,,,,,,,
02,14,001,005,0041,2026/0160/02/000021,38,2,2026-02-13 10:40:12.397,08,Y,RECOMMENDED ,2026-02-16 00:00:00,Y,Recommended,2026-03-02 00:00:00,Y,recommended,2026-03-06 00:00:00,Y,recommended,2026-03-06 00:00:00,Y,recommended,2026-03-11 00:00:00,,,,Y,Recommended ,2026-05-12 00:00:00,,,,,,,,,,,,,,
02,14,001,005,0041,2026/0160/02/000022,38,3,2026-02-13 10:41:23.237,08,Y,RECOMMENDED ,2026-02-16 00:00:00,Y,Recommended,2026-03-02 00:00:00,Y,recommended,2026-03-06 00:00:00,Y,recommended,2026-03-06 00:00:00,Y,recommended,2026-03-11 00:00:00,,,,Y,Recommended,2026-05-12 00:00:00,,,,,,,,,,,,,,
02,14,001,007,0017,2026/0159/02/000119,8,1,2026-03-17 12:57:30.271,08,Y,RECOMMENDED,2026-03-18 00:00:00,Y,Recommended,2026-03-19 00:00:00,Y,recommended,2026-03-23 00:00:00,Y,recommended,2026-03-23 00:00:00,Y,Recommended,2026-05-13 00:00:00,Y,Recommended,2026-05-22 00:00:00,,,,,,,,,,,,,,,,,
02,14,001,008,0008,2026/0159/02/000131,89,0,2026-03-31 10:46:56.709,08,Y,RECOMMENDED,2026-04-06 00:00:00,Y,Recommended,2026-05-06 00:00:00,Y,recommended,2026-05-08 00:00:00,Y,recommended,2026-05-08 00:00:00,Y,Recommended,2026-05-14 00:00:00,Y,"Recommended 
",2026-05-18 00:00:00,,,,,,,,,,,,,,,,,
02,14,001,005,0041,2026/0159/02/000154,38,0,2026-05-20 10:15:12.999,08,Y,RECOMMENDED ,2026-05-20 00:00:00,Y,Recommended for Approval,2026-05-20 00:00:00,Y,recommended,2026-05-22 00:00:00,Y,recommended,2026-05-22 00:00:00,Y,Approved,2026-05-22 00:00:00,Y,Recommended,2026-05-22 00:00:00,,,,,,,,,,,,,,,,,
02,14,001,008,0059,2026/0159/02/000155,15,1,2026-05-20 10:35:35.282,08,Y,recommended ,2026-05-20 00:00:00,Y,RECOMMENDED,2026-05-29 00:00:00,Y,recommended,2026-06-24 00:00:00,Y,RECOMMENDED,2026-06-30 00:00:00,Y,Approved based on SIS Enquiry report and submitted documents..................................................................................................................................................................................................,2026-07-01 00:00:00,Y,Approved,2026-07-17 00:00:00,,,,,,,,,,,,,,,,,
02,14,001,002,0054,2026/0159/02/000257,2,9,2026-08-08 20:43:14.667,08,Y,REC,2026-08-23 00:00:00,Y,Recommended for Approval,2026-08-25 00:00:00,Y,Recommended,2026-08-25 00:00:00,Y,Recommended,2026-08-25 00:00:00,Y,Recommended,2026-08-27 00:00:00,,,,,,,,,,,,,,,,,,,,
02,14,001,002,0054,2026/0159/02/000258,3,9,2026-08-08 20:47:54.416,08,Y,REC,2026-08-23 00:00:00,Y,Recommended for Approval,2026-08-25 00:00:00,Y,Recommended,2026-08-25 00:00:00,Y,Recommended,2026-08-25 00:00:00,Y,RECOMMENDED,2026-08-28 00:00:00,,,,,,,,,,,,,,,,,,,,
02,14,001,002,0054,2026/0159/02/000259,10,3,2026-08-08 20:51:24.479,08,Y,REC,2026-08-23 00:00:00,Y,Recommended for Approval,2026-08-25 00:00:00,Y,Recommended,2026-08-25 00:00:00,Y,Recommended,2026-08-25 00:00:00,Y,RECOMMENDED,2026-08-28 00:00:00,,,,,,,,,,,,,,,,,,,,
02,14,001,002,0054,2026/0159/02/000260,11,12,2026-08-08 20:55:52.963,08,Y,REC,2026-08-23 00:00:00,Y,Recommended for Approval,2026-08-25 00:00:00,Y,Recommended,2026-08-25 00:00:00,Y,Recommended,2026-08-25 00:00:00,Y,RECOMMENDED,2026-08-28 00:00:00,,,,,,,,,,,,,,,,,,,,
02,14,001,002,0054,2026/0159/02/000261,12,5,2026-08-08 21:22:39.795,08,Y,REC,2026-08-23 00:00:00,Y,Recommended for Approval,2026-08-25 00:00:00,Y,Recommended,2026-08-25 00:00:00,Y,Recommended,2026-08-25 00:00:00,Y,RECOMMENDED,2026-08-28 00:00:00,,,,,,,,,,,,,,,,,,,,
02,14,001,002,0054,2026/0159/02/000262,13,4,2026-08-08 21:25:45.594,08,Y,REC,2026-08-23 00:00:00,Y,Recommended for Approval,2026-08-25 00:00:00,Y,Recommended,2026-08-25 00:00:00,Y,Recommended,2026-08-25 00:00:00,Y,RECOMMENDED,2026-08-28 00:00:00,,,,,,,,,,,,,,,,,,,,
02,14,001,002,0054,2026/0159/02/000263,15,6,2026-08-08 21:29:05.564,08,Y,REC,2026-08-23 00:00:00,Y,Recommended for Approval,2026-08-25 00:00:00,Y,Recommended,2026-08-25 00:00:00,Y,Recommended,2026-08-25 00:00:00,Y,RECOMMENDED,2026-08-28 00:00:00,,,,,,,,,,,,,,,,,,,,
02,14,001,009,0019,2026/0160/02/000005,49,7A,2026-01-06 16:06:40.629,08,Y,recommended,2026-01-08 00:00:00,Y,RECOMMEMDED,2026-01-08 00:00:00,Y,recommended,2026-01-09 00:00:00,Y,recommended,2026-01-09 00:00:00,Y,Recommended for deletiin,2026-01-09 00:00:00,,,,Y,Approved,2026-01-13 00:00:00,,,,,,,,,,,,,,
02,14,001,009,0019,2026/0160/02/000006,49,7B,2026-01-06 16:08:05.719,08,Y,recommended,2026-01-08 00:00:00,Y,RECOMMEMDED,2026-01-08 00:00:00,Y,recommended,2026-01-09 00:00:00,Y,recommended,2026-01-09 00:00:00,Y,Recommended for deletion,2026-01-09 00:00:00,,,,Y,Approved,2026-01-13 00:00:00,,,,,,,,,,,,,,
02,14,001,009,0019,2026/0160/02/000007,49,7C,2026-01-06 16:10:46.83,08,Y,recommended,2026-01-08 00:00:00,Y,RECOMMEMDED,2026-01-08 00:00:00,Y,recommended,2026-01-09 00:00:00,Y,recommended,2026-01-09 00:00:00,Y,Recommended for deletion,2026-01-09 00:00:00,,,,Y,approved,2026-01-13 00:00:00,,,,,,,,,,,,,,
02,14,001,009,0019,2026/0160/02/000008,49,8,2026-01-06 16:11:49.087,08,Y,recommended,2026-01-08 00:00:00,Y,RECOMMEMDED,2026-01-08 00:00:00,Y,recommended,2026-01-09 00:00:00,Y,recommended,2026-01-09 00:00:00,Y,Recommended for deletion,2026-01-09 00:00:00,,,,Y,Approved,2026-01-13 00:00:00,,,,,,,,,,,,,,
02,14,001,001,0005,2026/0158/02/001829,85,0,2026-09-17 18:25:21.013,05,Y,Recommended ,2026-09-21 00:00:00,Y,Approved,2026-09-22 00:00:00,Y,Recommended,2026-09-22 00:00:00,Y,recommended,2026-09-22 00:00:00,Y,Recommended TR.NO/2026/0158/02/001829-2026-09-17 18:25:21.013 As per Proceedings by Commissioner of ULT and ULC Proc No J2/486/2016 dated 14.07.2026,2026-09-23 00:00:00,,,,,,,N,N,,,,,,,,,,,,
02,14,001,001,0027,2026/0158/02/001833,65,0,2026-09-18 14:48:05.717,05,Y,Recommended ,2026-09-21 00:00:00,Y,Approved,2026-09-22 00:00:00,Y,Recommended,2026-09-22 00:00:00,Y,recommmended,2026-09-22 00:00:00,,,,,,,,,,N,N,,,,,,,,,,,,
02,14,001,001,0005,2026/0158/02/001836,52,0,2026-09-21 09:32:53.202,05,,,,,,,,,,,,,,,,,,,,,,N,N,,,,,,,,,,,,
02,14,001,001,0003,2026/0162/02/015152,12,1,2026-01-02 12:55:47.193,01,Y,recommended,2026-01-02 00:00:00,,,,,,,,,,Y,Approved,2026-01-20 00:00:00,,,,,,,,,,,,,,,,,,,,
02,14,001,001,0039,2026/0162/02/015257,49,2,2026-01-12 15:52:35.466,01,Y,RECOMMENDED ,2026-01-12 00:00:00,,,,,,,,,,Y,Approved,2026-01-12 00:00:00,,,,,,,,,,,,,,,,,,,,
02,14,001,001,0003,2026/0162/02/015269,44,1,2026-01-13 15:51:59.221,01,Y,RECOMMENDED,2026-01-13 00:00:00,,,,,,,,,,Y,APPROVED,2026-01-20 00:00:00,,,,,,,,,,,,,,,,,,,,
02,14,001,001,0034,2026/0162/02/015454,71,0,2026-01-31 15:56:13.14,01,Y,RECOMMENDED ,2026-02-03 00:00:00,,,,,,,,,,Y,APPROVED,2026-02-06 00:00:00,,,,,,,,,,,,,,,,,,,,
02,14,001,001,0055,2026/0162/02/015482,4,2,2026-02-03 12:48:07.648,01,Y,RECOMMENDED,2026-02-03 00:00:00,,,,,,,,,,Y,APPROVED,2026-02-06 00:00:00,,,,,,,,,,,,,,,,,,,,
02,14,001,001,0027,2026/0162/02/015489,39,3,2026-02-03 16:13:07.998,01,Y,RECOMMENDED,2026-02-03 00:00:00,,,,,,,,,,Y,APPROVED,2026-02-06 00:00:00,,,,,,,,,,,,,,,,,,,,
02,14,001,001,0052,2026/0162/02/015828,27,0,2026-03-09 11:34:01.006,01,Y,RECOMMENDED,2026-03-11 00:00:00,,,,,,,,,,Y,APPROVED,2026-05-20 00:00:00,,,,,,,,,,,,,,,,,,,,
02,14,001,001,0025,2026/0162/02/015879,115,12,2026-03-16 12:37:27.396,01,Y,recommended,2026-03-19 00:00:00,,,,,,,,,,Y,APPROVED,2026-05-20 00:00:00,,,,,,,,,,,,,,,,,,,,
02,14,001,001,0008,2026/0162/02/016851,10/3,4,2026-08-06 16:01:19.103,01,Y,RECOMMENDED,2026-08-06 00:00:00,,,,,,,,,,Y,APPROVED,2026-08-18 00:00:00,,,,,,,,,,,,,,,,,,,,
02,14,001,008,0045,2026/0169/02/001180,94,0,2026-03-11 16:20:27.62,03,Y,J8/4678/2023,2026-03-11 00:00:00,,,,,,,Y,Approved,2026-03-16 00:00:00,Y,Approved,2026-06-25 00:00:00,Y,Approved,2026-06-30 00:00:00,Y,Approved,2026-08-14 00:00:00,Y,N,Y,Approved,2026-08-14 00:00:00,Y,Y,,,,,,,
02,14,001,008,0045,2026/0169/02/001181,95,0,2026-03-11 16:21:08.503,03,Y,J8/4678/2023,2026-03-11 00:00:00,,,,,,,Y,Approved,2026-03-16 00:00:00,Y,Approved,2026-06-25 00:00:00,Y,Approved,2026-06-30 00:00:00,Y,Approved,2026-08-14 00:00:00,Y,N,Y,Approved,2026-08-14 00:00:00,Y,Y,,,,,,,
02,14,001,008,0045,2026/0169/02/001182,96,0,2026-03-11 16:21:47.685,03,Y,J8/4678/2023,2026-03-11 00:00:00,,,,,,,Y,Approved,2026-03-16 00:00:00,Y,Approved,2026-06-25 00:00:00,Y,Approved,2026-06-30 00:00:00,Y,Approved,2026-08-14 00:00:00,Y,N,Y,Approved,2026-08-14 00:00:00,Y,Y,,,,,,,
02,14,001,008,0045,2026/0169/02/001184,97,0,2026-03-11 16:22:32.116,03,Y,J8/4678/2023,2026-03-11 00:00:00,,,,,,,Y,Approved,2026-03-16 00:00:00,Y,Approved,2026-06-25 00:00:00,Y,Approved,2026-06-30 00:00:00,Y,Approved,2026-08-14 00:00:00,Y,N,Y,Approved,2026-08-14 00:00:00,Y,Y,,,,,,,
02,14,001,008,0045,2026/0169/02/001185,98,0,2026-03-11 16:23:17.185,03,Y,J8/4678/2023,2026-03-11 00:00:00,,,,,,,Y,Approved,2026-03-16 00:00:00,Y,Approved,2026-06-25 00:00:00,Y,Approved,2026-06-30 00:00:00,Y,Approved,2026-08-14 00:00:00,Y,N,Y,Approved,2026-08-14 00:00:00,Y,Y,,,,,,,
02,14,001,008,0045,2026/0169/02/001186,99,0,2026-03-11 16:23:57.451,03,Y,J8/4678/2023,2026-03-11 00:00:00,,,,,,,Y,Approved,2026-03-16 00:00:00,Y,Approved,2026-06-25 00:00:00,Y,Approved,2026-06-30 00:00:00,Y,Approved,2026-08-14 00:00:00,Y,N,Y,Approved,2026-08-14 00:00:00,Y,Y,,,,,,,
02,14,001,008,0045,2026/0169/02/001188,100,0,2026-03-11 16:24:37.08,03,Y,J8/4678/2023,2026-03-11 00:00:00,,,,,,,Y,Approved,2026-03-16 00:00:00,Y,Approved,2026-06-25 00:00:00,Y,Approved,2026-06-30 00:00:00,Y,Approved,2026-08-14 00:00:00,Y,N,Y,Approved,2026-08-14 00:00:00,Y,Y,,,,,,,
02,14,001,001,0008,2026/0164/02/000007,10/2,1,2026-01-22 19:31:28.902,01,,,,,,,Y,recommended,2026-01-27 00:00:00,Y,recommended,2026-01-27 00:00:00,N,INCORRECT SURVEY NUMBER,2026-02-13 18:33:06.99,,,,,,,,,,,,,,,,,,,,
02,14,001,001,0008,2026/0164/02/000024,10/2,1,2026-02-18 15:18:10.065,01,,,,,,,Y,recommended,2026-02-20 00:00:00,Y,recommended,2026-02-24 00:00:00,Y,APPROVED BASED ON SIS ENQUIRY REPORT AND SUBMITTED DOCUMENTS,2026-02-24 17:37:39.771,,,,,,,,,,,,,,,,,,,,
02,14,001,001,0008,2026/0164/02/000044,10/2,1,2026-03-16 11:39:31.884,01,,,,,,,Y,recommended,2026-05-14 00:00:00,Y,ok,2026-05-14 00:00:00,Y,Rrecommended,2026-05-20 15:58:29.907,,,,,,,,,,,,,,,,,,,,
02,14,001,001,0021,2026/0164/02/000060,80/2,0,2026-05-21 18:24:55.722,01,,,,,,,Y,recommended,2026-05-26 00:00:00,Y,OK,2026-05-26 00:00:00,Y,Approved based on sis enquiry report and submitted documents,2026-05-26 17:45:23.184,,,,,,,,,,,,,,,,,,,,
02,14,001,001,0009,2026/0164/02/000061,64,0,2026-05-22 15:41:04.788,01,,,,,,,Y,recommended,2026-06-04 00:00:00,Y,ok,2026-06-05 00:00:00,Y,Approved,2026-06-11 12:38:26.187,,,,,,,,,,,,,,,,,,,,
02,14,001,001,0013,2026/0164/02/000062,23,0,2026-05-22 17:54:25.346,01,,,,,,,Y,recommended,2026-06-04 00:00:00,Y,ok,2026-06-05 00:00:00,Y,Approved,2026-06-11 17:37:49.457,,,,,,,,,,,,,,,,,,,,
02,14,001,001,0016,2026/0164/02/000063,58,2A,2026-05-27 10:42:30.147,01,,,,,,,Y,recommended,2026-06-15 00:00:00,Y,ok,2026-06-15 00:00:00,Y,Approved based on sis enquiry report and submitted docuements,2026-06-16 14:59:18.665,,,,,,,,,,,,,,,,,,,,
02,14,001,001,0009,2026/0164/02/000067,38,0,2026-06-03 12:33:15.377,01,,,,,,,Y,RECOMMENDED,2026-06-04 00:00:00,Y,ok,2026-06-05 00:00:00,Y,Approved based on sis enquiry report and submitted documents,2026-06-09 16:52:56.03,,,,,,,,,,,,,,,,,,,,
02,14,001,001,0008,2026/0164/02/000071,10/2,1,2026-06-11 19:02:35.087,01,,,,,,,Y,recommended,2026-06-13 00:00:00,Y,ok,2026-06-15 00:00:00,N,Approved layout not submitted........................................................................................................................................................................................,2026-08-17 12:26:48.408,,,,,,,,,,,,,,,,,,,,
02,14,001,001,0008,2026/0164/02/000072,13/2,1,2026-06-11 19:07:59.373,01,,,,,,,Y,recommended,2026-06-15 00:00:00,Y,ok,2026-06-15 00:00:00,N,Approved layout not submitted...........................................................................................................................................................................,2026-08-17 12:34:06.45,,,,,,,,,,,,,,,,,,,,
02,14,001,001,0020,2026/0164/02/000085,84,0,2026-07-01 14:26:05.517,01,,,,,,,Y,Recommended,2026-07-02 00:00:00,Y,recommended,2026-07-02 00:00:00,Y,Approved based on VAO RI Enquiry report and submitted documents,2026-07-02 17:05:24.911,,,,,,,,,,,,,,,,,,,,
02,14,001,001,0020,2026/0164/02/000086,84,1,2026-07-02 18:06:53.85,01,,,,,,,Y,Recommended,2026-07-02 00:00:00,Y,Recommended,2026-07-02 00:00:00,Y,Approved based on SIS Enquiry report and submitted documents,2026-07-03 11:51:11.994,,,,,,,,,,,,,,,,,,,,
02,14,001,001,0005,2026/0164/02/000091,10,0,2026-07-21 17:54:42.723,01,,,,,,,Y,Recommended,2026-07-23 00:00:00,Y,RECOMMENDED,2026-07-23 00:00:00,Y,Approved based on sis enquiry report and submitted documents........................................................................................................................................................................................................................,2026-07-23 18:20:12.794,,,,,,,,,,,,,,,,,,,,
