appl_id,district_code,taluk_code,town_code,ward_code,block_code,can,appl_name,appl_address_cur,mobile_no,appl_status,remarks,update_date,appl_status_code,reject_reason_code,challan_no,challan_date,paymentmode,firstpage,reversepage,lastpage,sro,proposed_field_visit_date,proposed_remarks,missing_docs,amount,csc_name,igrs_form6no,rtr_str,relative_mobile_no,appl_address_perm,mother_name,father_name,gender,dob,enclosures
2026/0178/02/000267,02,14,001,001,0042,FL202603000023609,B Ponnammal,"12/24A Anbunayagam Street Vijayalashmipuram,",8778714836,Order Generated,-,2026-03-13 17:20:48.608,,,pay_SQhQuozp1DZNHs,2026-03-13,CP,,90@@0,,,2026-06-12,fv,,860.00,,,,,"12/24A Anbunayagam Street Vijayalashmipuram,",,,N/A,,
2026/0178/02/000280,02,14,001,001,0028,FL202603000030460,yugendran,"1, Kasturibai St, Venkateshwara Nagar, Ambattur",9884994865,Order Generated,-,2026-03-17 22:01:14.643,,,pay_SSMJe0LI2KCXUd,2026-03-17,CP,,157@@3,,,2026-06-17,FV,,860.00,,,,,"1, Kasturibai St, Venkateshwara Nagar, Ambattur",,,N/A,,
2026/0178/02/000309,02,14,001,001,0051,FL202603000050714,JANAKI,25/17 BAKTHAVACHALAM STREET VIJAYALAKSHMIPURAM AMB,8072737830,Order Generated,-,2026-03-31 19:22:56.803,,,pay_SXr6JgDj1O87Is,2026-03-31,CP,,93ZZ93@@1ZZ3,,,2026-06-30,FV,,1660.00,,,,,25/17 BAKTHAVACHALAM STREET VIJAYALAKSHMIPURAM AMB,,,N/A,,
2026/0178/02/000319,02,14,001,001,0003,FL202604000006338,C NAGARAJAN,"51/11, ANNA HIGH WAY, ORAGADAM, AMBATTUR.600053",9791104151,Order Generated,-,2026-04-07 13:44:19.098,,,pay_SaX4xIvcUAde7b,2026-04-07,CP,,16@@1,,,2026-07-08,fv,,860.00,,,,,"51/11, ANNA HIGH WAY, ORAGADAM, AMBATTUR.600053",,,N/A,,
2026/0178/02/000331,02,14,001,001,0056,FL202604000013607,R Jayagopi,"5,5,Oragadam",9791109595,Order Generated,-,2026-04-15 12:07:11.08,,,,2026-04-15,CP,,38@@0,,,2026-07-09,to be visited,,860.00,,,,,"5,5,Oragadam",,,N/A,,
2026/0178/02/000436,02,14,001,001,0056,FL202605000044463,DHANAPAL,"FLAT NO.S1, SECOND FLOOR, EMROSE GARDEN, MANAPAKKA",9840271069,Order Generated,-,2026-05-27 18:52:25.354,,,pay_SuP3UQjfT9II9w,2026-05-27,CP,,1@@8,,,2026-08-08,FV,,860.00,,,,,"FLAT NO.S1, SECOND FLOOR, EMROSE GARDEN, MANAPAKKA",,,N/A,,
2026/0178/02/000494,02,14,001,001,0001,FL202606000026749,PRABHU KUMAR,"4/6 Narasimman street, Padmavathi srinivasan Nagar",9940308387,Order Generated,-,2026-06-11 19:14:37.431,,,pay_T0LRAin8hTHWEF,2026-06-11,CP,,218@@2,,,2026-08-08,OK,,860.00,,,,,"4/6 Narasimman street, Padmavathi srinivasan Nagar",,,N/A,,
2026/0178/02/000609,02,14,001,001,0030,FL202607000024387,Solachi,"0,0,Putlur",9688867197,Order Generated,-,2026-07-10 13:02:38.39,,,,2026-07-10,CP,,18ZZ19@@0ZZ0,,,2026-08-24,fv,,1260.00,,,,,"0,0,Putlur",,,N/A,,
2026/0178/02/000719,02,14,001,001,0001,FL202608000030991,V S Prabhu,"14,14,NAGERCOIL NORTH TOWN",8939891704,Send to SIS,-,2026-08-14 10:31:58.085,,,,2026-08-14,CP,,13@@18,,,2026-09-23,fv,,860.00,,,,,"14,14,NAGERCOIL NORTH TOWN",,,N/A,,
2026/0178/02/000776,02,14,001,001,0025,FL202608000052128,M SANTHI,"No 994, A2, 42nd street, korattur, Chennai-600080",9884791813,Send to SIS,-,2026-08-24 12:54:00.128,,,pay_TTWTLv2fegt1l1,2026-08-24,CP,,113@@0,,,,,,860.00,,,,,"No 994, A2, 42nd street, korattur, Chennai-600080",,,N/A,,
2026/0178/02/000811,02,14,001,001,0001,FL202608000067270,Jackuline Santhi,"1/1,1/1,Oragadam",9566479243,Send to SIS,-,2026-08-31 13:14:41.232,,,,2026-08-31,CP,,13@@24,,,,,,860.00,,,,,"1/1,1/1,Oragadam",,,N/A,,
2026/0178/02/000812,02,14,001,001,0021,FL202608000067526,Mayakannan,"No 14, shop st, venkatapuram,Ambattur,chennai -600",9894673272,Send to SIS,-,2026-08-31 13:56:46.48,,,pay_TWJGaWpti7NTcg,2026-08-31,CP,,146@@0,,,,,,860.00,,,,,"No 14, shop st, venkatapuram,Ambattur,chennai -600",,,N/A,,
2026/0178/02/000814,02,14,001,001,0002,FL202608000068085,Hemavathy ,"4/305, 5th St, 2nd Cross St, Amman Nagar,Ch-600043",9003115476,Send to SIS,-,2026-08-31 16:07:31.789,,,pay_TWLX2laE6Vudas,2026-08-31,CP,,49@@4,,,,,,860.00,,,,,"4/305, 5th St, 2nd Cross St, Amman Nagar,Ch-600043",,,N/A,,
2026/0178/02/000892,02,14,001,001,0014,FL202609000027957,Sagayarajan,"11,11,Padi",8015052723,Send to SIS,-,2026-09-15 10:25:08.042,,,,2026-09-15,CP,,99ZZ98ZZ97ZZ96@@0ZZ0ZZ0ZZ0,,,,,,3260.00,,,,,"11,11,Padi",,,N/A,,
2026/0178/02/000950,02,14,001,001,0043,FL202609000050245,Dayalan Narasimhan,"2/3,2/3,Oragadam",9840070082,Send to SIS,-,2026-09-24 16:38:07.186,,,,2026-09-24,CP,,27@@0,,,,,,860.00,,,,,"2/3,2/3,Oragadam",,,N/A,,
