appl_id,district_code,taluk_code,town_code,ward_code,block_code,can,appl_name,appl_address_cur,mobile_no,appl_status,remarks,update_date,appl_address_perm,mother_name,father_name,dob,gender,occupation,enclosures,barcode_flag,firstpage,reversepage,lastpage,encertify,proposed_field_visit_date,proposed_remarks,missing_docs,verifyphysical,date_of_sending_document,date_of_receipt_of_document,challan_no,challan_date,treasury,bank,bank_branch,paymentmode,amount,igrs_form6no,rtr_str,owner_correction_reason,merge_applid,is_automutated
2026/0153/02/045470,02,14,001,001,0043,202653322449,ர. சிவானந்தம்,"No.1B, Muthusamy Street, Rasipuram,, Namakkal, Tamil Nadu, India, 637408",9487239682,Rejected By ZDT/HQDT,-,2026-08-29 13:33:34.287,-,-,-,,Male,,-,,,,,,,,,,2026-09-10,2026-09-13,,,,,,,,202653322449,S,,,
2026/0153/02/045472,02,14,001,001,0012,202653322998,பாலாஜி,"NO.37, S1 OJESWINI HOMES, 17TH ABENUE, BANU NAGAR, PUDUR, AMBATTUR, Chennai, Tamil Nadu, India, 600053",9176982281,Rejected By ZDT/HQDT,-,2026-08-29 13:47:14.038,-,-,-,,Male,,-,,,,,,,,,,2026-09-10,2026-09-13,,,,,,,,202653322998,S,,,
2026/0153/02/045586,02,14,001,001,0053,133021429924873,Lakshmi M,"20/5,,,VENKATAPURAM,Ambattur,Ambattur,Chennai.",8248255064,Rejected By ZDT/HQDT,SIS Remark: Transfer to Not Involving Subdivision,2026-08-31 11:55:08.213,,,,,,,,,,,,,,,,,2026-09-10,2026-09-15,,,,,,,,,,,,
2026/0153/02/045882,02,14,001,001,0019,202653414868,மேகஸ்ருங்கன்,"No 69 , Subramanya Apartments, 3rd Avenue, Banu Nagar, Ambattur, Chennai 600 053, Chennai, Tamil Nadu, India, 600053",9003122676,Rejected By ZDT/HQDT,-,2026-09-01 10:34:51.778,-,-,-,,Male,,-,,,,,,,,,,2026-09-17,2026-09-20,,,,,,,,202653414868,S,,,
2026/0153/02/046451,02,14,001,001,0055,133021430550860,Dhanalashmi,"1,,,,Ambattur,Ambattur,Chennai.",9300000040,Rejected By ZDT/HQDT,SIS Remark: Transfer to Not Involving Subdivision,2026-09-03 13:07:57.775,,,,,,,,,,,,,,,,,2026-09-17,2026-09-20,,,,,,,,,,,,
2026/0153/02/046460,02,14,001,001,0055,133010720001098,Mugunthan K,"448/3,Eswari Amman Kovil Street,,,Koppur,Tiruvallur,Tiruvallur.",9943820352,Rejected By ZDT/HQDT,SIS Remark: Transfer to Not Involving Subdivision,2026-09-03 13:11:09.784,,,,,,,,,,,,,,,,,2026-09-17,2026-09-21,,,,,,,,,,,,
2026/0153/02/046461,02,14,001,001,0055,133010720001098,Mugunthan K,"448/3,Eswari Amman Kovil Street,,,Koppur,Tiruvallur,Tiruvallur.",9943820352,Rejected By ZDT/HQDT,SIS Remark: Transfer to Not Involving Subdivision,2026-09-03 13:11:23.912,,,,,,,,,,,,,,,,,2026-09-24,2026-09-24,,,,,,,,,,,,
2026/0153/02/046600,02,14,001,001,0035,202653600782,சு. ரமேஷ்பாபு,"நெ.4/7, கண்ணகி தெரு, விநாயகபுரம், அம்பத்தூர், Chennai, Tamil Nadu, India, 600053",9952927568,Rejected By ZDT/HQDT,-,2026-09-03 20:24:58.934,-,-,-,,Male,,-,,,,,,,,,,2026-09-17,2026-09-21,,,,,,,,202653600782,S,,,
2026/0153/02/046605,02,14,001,001,0020,202653601763,கு லதா,"எண்.28/2, பாடசாலை தெரு, கள்ளிக்குப்பம், அம்பத்தூர்,, Chennai, Tamil Nadu, India, 600053",9790979728,Rejected By ZDT/HQDT,-,2026-09-03 21:19:42.338,-,-,-,,Female,,-,,,,,,,,,,2026-09-17,2026-09-21,,,,,,,,202653601763,S,,,
2026/0153/02/047098,02,14,001,001,0001,202653719078,ஷபீர்,"நெ.13, 14வது அவென்யூ, பானு நகர், பழனியப்பா நகர், புதூர், அம்பத்தூர், Chennai, Tamil Nadu, India, 600053",9952949642,Rejected By ZDT/HQDT,-,2026-09-08 15:34:28.622,-,-,-,,Male,,-,,,,,,,,,,2026-09-17,2026-09-22,,,,,,,,202653719078,S,,,
2026/0153/02/047850,02,14,001,001,0050,202653942088,வர்ஷினி ஆ,"No.8/12, Cholan Street, Prakash Nagar, Ambattur, Chennai, Tamil Nadu, India, 600053",9841866231,Automated,-,2026-09-12 11:43:09.146,-,-,-,,Female,,-,,,,,,2026-09-12,from igrs,,,,2026-09-12,,,,,,,,202653942088,S,,,Y
2026/0153/02/048323,02,14,001,001,0015,202654027278,ஜெயந்தி,"எண். 3ஏ முதல் தெரு, காமாட்சி அம்மன் கோயில் தெரு, வடபழனி, சென்னை, Chennai, Tamil Nadu, India, 600026",6374002838,Automated,-,2026-09-16 15:40:37.873,-,-,-,,Female,,-,,,,,,2026-09-16,from igrs,,,,2026-09-16,,,,,,,,202654027278,S,,,Y
2026/0153/02/048747,02,14,001,001,0007,202654157872,வி மணிகண்டன்,"51/78, சுவாமி பக்தன் தெரு, ராமலிங்கபுரம், ஓட்டேரி, பெரம்பூர் பேரக்ஸ், Chennai, Tamil Nadu, India, 600012",9282110153,Automated,-,2026-09-17 19:57:15.095,-,-,-,,Male,,-,,,,,,2026-09-17,from igrs,,,,2026-09-17,,,,,,,,202654157872,S,,,Y
2026/0153/02/048999,02,14,001,001,0025,202654234648,ஆனந்தன்,"நெ.20, பவானி அம்மன் கோவில் தெரு, வெங்கடேஸ்வரா நகர், அம்பத்தூர், Chennai, Tamil Nadu, India, 600053",9444323267,Automated,-,2026-09-19 12:42:56.753,-,-,-,,Male,,-,,,,,,2026-09-19,from igrs,,,,2026-09-19,,,,,,,,202654234648,S,,,Y
2026/0153/02/049025,02,14,001,001,0007,202654238998,வி மணிகண்டன்,"51/78, சுவாமி பக்தன் தெரு, ராமலிங்கபுரம், ஓட்டேரி, பெரம்பூர் பேரக்ஸ், Chennai, Tamil Nadu, India, 600012",9282110153,Automated,-,2026-09-19 14:28:01.286,-,-,-,,Male,,-,,,,,,2026-09-19,from igrs,,,,2026-09-19,,,,,,,,202654238998,S,,,Y
2026/0153/02/049026,02,14,001,001,0043,202654239578,ச. பாலமுரளி,"நெ.40, 42, கண்ணையா தெரு, வெங்கடாபுரம், அம்பத்தூர், Chennai, Tamil Nadu, India, 600053",9380012999,Automated,-,2026-09-19 14:40:25.818,-,-,-,,Male,,-,,,,,,2026-09-19,from igrs,,,,2026-09-19,,,,,,,,202654239578,S,,,Y
2026/0153/02/049049,02,14,001,001,0007,202654246219,ஈஸ்வரவேலன்,"நெ.101, அபிராமி தெரு, வளர்மதி நகர், ஒரகடம், அம்பத்தூர், சென்னை, Chennai, Tamil Nadu, India, 600053",9884466440,Automated,-,2026-09-19 17:18:07.546,-,-,-,,Male,,-,,,,,,2026-09-19,from igrs,,,,2026-09-19,,,,,,,,202654246219,S,,,Y
2026/0153/02/049054,02,14,001,001,0040,202654248538,பூங்கொடி ப,"நெ.16/16, ஐயப்பன் தெரு, நேதாஜி குறுக்கு தெரு, ராமாபுரம், அம்பத்தூர், Chennai, Tamil Nadu, India, 600053",9962010021,Automated,-,2026-09-19 18:41:01.408,-,-,-,,Female,,-,,,,,,2026-09-19,from igrs,,,,2026-09-19,,,,,,,,202654248538,S,,,Y
2026/0153/02/049648,02,14,001,001,0008,133021433489945,V Venkatraman,"44,,,2nd Street,Oragadam,Ambattur,Chennai.",9710951624,Send to RI,-,2026-09-23 15:40:15.446,"44,,,2nd Street,Oragadam,Ambattur,Chennai.",Mangalakshmi,Vinayagam,1979-09-13,Male,Not Stated,Aadhar card/,,,5@@23,,,,,,,,,,,,,,,,,,,,
2026/0153/02/049671,02,14,001,001,0009,133010613913908,Mohanbabu,"31,Valluvar Street,,,Nabalu,Tiruttani,Tiruvallur.",9940389401,Send to RI,-,2026-09-23 16:17:46.621,"31,Valluvar Street,,,Nabalu,Tiruttani,Tiruvallur.",Nill,Anandhaiyya,1977-01-01,Male,Not Stated,Aadhar card/,,,79@@1,,,,,,,,,,,,,,,,,,,,
2026/0153/02/049760,02,14,001,001,0050,202654424598,S  பார்வதி,"நெ 21சி1, சூரியபிரகாஷம் தெரு கிருஷ்ணபுரம் அம்பத்துார் சென்னை, Chennai, Tamil Nadu, India, 600053",9942404745,Send to SIS,-,2026-09-23 19:27:29.439,-,-,-,,Female,,-,,,,,,,,,,,,,,,,,,,202654424598,S,,,
2026/0153/02/049763,02,14,001,001,0007,202654426138,சகாதேவன்,"1/41, MADURANAIKAN STREET, MADURAVOYAL, CHENNAI, Chennai, Tamil Nadu, India, 600095",7299348092,Automated,-,2026-09-23 19:51:28.42,-,-,-,,Male,,-,,,,,,2026-09-23,from igrs,,,,2026-09-23,,,,,,,,202654426138,S,,,Y
2026/0153/02/049792,02,14,001,001,0025,133021437269080,Palani S,"7,,,,Oragadam,Ambattur,Chennai.",9841495049,T,SIS Remark: Transfer to Not Involving Subdivision,2026-09-24 10:21:14.269,,,,,,,,,,,,,,,,,,,,,,,,,,,,,,
2026/0153/02/049830,02,14,001,001,0017,133021037550368,J Sivasubramanian,"No 68/43 DNo 7,,,,Pallipattu,Velacheri,Chennai.",9840046065,Send to RI,-,2026-09-24 11:25:37.267,"No 68/43 DNo 7,,,,Pallipattu,Velacheri,Chennai.",Nil,Janakiraman,1987-05-02,Male,Not Stated,Aadhar card/,,,130@@1,,,,,,,,,,,,,,,,,,,,
2026/0153/02/049854,02,14,001,001,0048,133021437551917,Krithiga Kannan,"30/41,,,,Ambattur,Ambattur,Chennai.",9941568858,Send to RI,-,2026-09-24 12:25:58.432,"30/41,,,,Ambattur,Ambattur,Chennai.",Padmini,Kannan,1994-11-23,Female,Not Stated,Aadhar card/,,,83@@6,,,,,,,,,,,,,,,,,,,,
2026/0153/02/049874,02,14,001,001,0003,13302021814408,J  Samuel Jebasingh,"B-68,,,,Ambattur,Ambattur,Chennai.",8939998495,Send to RI,-,2026-09-24 13:22:07.483,"B-68,,,,Ambattur,Ambattur,Chennai.",Hilda Jayaseelan,K Jayaseelan,1990-12-18,Male,Not Stated,Aadhar card/,,,1@@16,,,,,,,,,,,,,,,,,,,,
2026/0153/02/049891,02,14,001,001,0030,ESV202609000074226,V S Mujeeb ,"NO 2/59 EGAMBARAIYER STREET, AMBATTUR",9444478759,Send to SIS,-,2026-09-24 14:06:39.991,"NO 2/59 EGAMBARAIYER STREET, AMBATTUR",,V S Mujeeb,1964-01-14,N/A,,Enclosure,,,28@@1,,,,,,,,,pay_TfoIDhhw14Odrs,2026-09-24,,,,CP,60.00,,,,,
2026/0153/02/049932,02,14,001,001,0028,133021430533102 ,Parthasarathy,"4,,,CHENNAI,Ambattur,Ambattur,Chennai.",9340000000,Send to RI,-,2026-09-24 16:14:29.437,"4,,,CHENNAI,Ambattur,Ambattur,Chennai.",Nil,N,1981-01-15,Male,Not Stated,Aadhar card/,,,78ZZ79@@0ZZ0,,,,,,,,,,,,,,,,,,,,
2026/0165/02/000043,02,14,001,002,0079,133021334871591,Arul R,"26/13,,,,Maduravoyal,Maduravoyal,Chennai.",9941211678,Rejected By ZDT/HQDT,-,2026-01-22 20:46:52.407,"26/13,,,,Maduravoyal,Maduravoyal,Chennai.",A,Raju,1970-05-10,Male,Not Stated,PAN/Aadhar card/,,,25@@2,,,2026-08-03,fv,,,2026-08-03,,,,,,,,,,,,,
2026/0165/02/000051,02,14,001,002,0048,133371313247902,Manokaran,"232,Bajanai Kovil Street,,,Pali,Kalavai,Ranipet.",9791898814,Rejected By ZDT/HQDT,-,2026-01-29 14:58:54.408,"232,Bajanai Kovil Street,,,Pali,Kalavai,Ranipet.",Mallika,Suburaman,1988-01-01,Male,Not Stated,PAN/Aadhar card/,,,26@@0,,,2026-08-03,fv,,,2026-08-03,,,,,,,,,,,,,
2026/0165/02/000066,02,14,001,005,0034,133021435001928,Langaram Ananthu Kuppusamy,"NO 3,,,,Korattur,Ambattur,Chennai.",9940317754,Rejected By ZDT/HQDT,-,2026-02-03 16:06:14.055,"NO 3,,,,Korattur,Ambattur,Chennai.",Dhanalakshmi,Kuppusamy,1956-01-04,Male,Not Stated,PAN/Aadhar card/,,,14@@0,,,2026-06-24,toXXXbeXXXvisited,,,2026-06-24,,,,,,,,,,,,,
2026/0165/02/000237,02,14,001,005,0033,133031416124426,Tamil Nadu Housing Board,"452,Mettu Street,,,AYYAPPAN THANGAL,KUNDRATHUR,Kancheepuram.",9840442319,Rejected By ZDT/HQDT,-,2026-06-11 18:36:48.938,"452,Mettu Street,,,AYYAPPAN THANGAL,KUNDRATHUR,Kancheepuram.",Tamil Nadu Housing Board,Tamil Nadu Housing Board,1987-11-10,Male,Not Stated,PAN/Aadhar card/,,,62@@15,,,2026-06-18,Fv,,,2026-07-18,,,,,,,,,,,,,
2026/0165/02/000331,02,14,001,001,0001,133370335093723,Velavan A,"249,Big Street,,,Ganapathipuram,Arakkonam,Ranipet.",9094108298,Send to RI,-,2026-07-17 21:09:39.376,"249,Big Street,,,Ganapathipuram,Arakkonam,Ranipet.",Shanthi,Arumugam,1988-01-01,Male,Not Stated,PAN/Aadhar card/,,,103@@7,,,,,,,,,,,,,,,,,,,,
2026/0165/02/000368,02,14,001,008,0048,133021435510019,Achuthan M,"2/561,,,,Mugapair,Ambattur,Chennai.",9840224655,Rejected By ZDT/HQDT,-,2026-07-30 16:02:30.309,"2/561,,,,Mugapair,Ambattur,Chennai.",M P Achuthan Nair,M P Achuthan Nair,1945-04-12,Male,Not Stated,PAN/Aadhar card/,,,173@@0,,,2026-08-03,FV,,,2026-08-08,,,,,,,,,,,,,
2026/0165/02/000390,02,14,001,008,0069,133021410889321,Sathyanarayanan,"4/432 J J Nagar,Mugappair East, Chennai,,,Mugapair,Ambattur,Chennai.",6369304733,Approved By ZDT/HQDT,-,2026-08-08 22:50:31.497,"4/432 J J Nagar,Mugappair East, Chennai,,,Mugapair,Ambattur,Chennai.",Susila,Krishnan,1966-01-26,Male,Not Stated,PAN/Aadhar card/,,,154@@0,,,2026-08-09,fv,,,2026-08-09,,,,,,,,,,,,,
2026/0165/02/000391,02,14,001,005,016A,133330926601610,Padma Prabha,"PLOT NO-7,,,,Madhavaram,Madhavaram,Chennai.",7904176250,Approved By ZDT/HQDT,-,2026-08-10 13:55:43.558,"PLOT NO-7,,,,Madhavaram,Madhavaram,Chennai.",Santhanalakshmi,Virachabadoss,1967-09-06,Female,Not Stated,PAN/Aadhar card/,,,5@@33,,,2026-08-10,RecommendXXX,,,2026-08-10,,,,,,,,,,,,,
2026/0165/02/000397,02,14,001,008,0058,133021435725170,N Jagadesh,"LIG605,,,,Mugapair,Ambattur,Chennai.",9884064505,Send to RI,-,2026-08-13 11:01:58.353,"LIG605,,,,Mugapair,Ambattur,Chennai.",Saraswathi,Nandhagopal,1992-06-19,Male,Not Stated,PAN/Aadhar card/,,,35@@21,,,,,,,,,,,,,,,,,,,,
2026/0165/02/000423,02,14,001,008,0008,133021436432888,Alamu S,"P45/6,,,,Mugapair,Ambattur,Chennai.",9176674990,Send to RI,-,2026-08-24 12:56:01.867,"P45/6,,,,Mugapair,Ambattur,Chennai.",Nil,Shenbagam,1947-12-27,Female,Not Stated,PAN/Aadhar card/,,,135@@0,,,,,,,,,,,,,,,,,,,,
2026/0165/02/000424,02,14,001,005,0014,133021430279693,Laxmidhar Rout,"23,,,,Oragadam,Ambattur,Chennai.",9444416070,Send to RI,-,2026-08-25 13:42:59.132,"23,,,,Oragadam,Ambattur,Chennai.",Shantilatha Rout,Trailokya Rout,1977-11-27,Male,Not Stated,PAN/Aadhar card/,,,150@@10,,,2026-08-31,recommended,,,,,,,,,,,,,,,,
2026/0165/02/000426,02,14,001,005,0014,133021415789151,Reshal B,"26/81,,,,Ambattur,Ambattur,Chennai.",9840604417,Approved By ZDT/HQDT,-,2026-08-25 15:43:05.873,"26/81,,,,Ambattur,Ambattur,Chennai.",B Shanthi,S Balasubramaniyam,1994-09-23,Male,Not Stated,PAN/Aadhar card/,,,174@@27,,,2026-08-26,recommended,,,2026-08-26,,,,,,,,,,,,,
2026/0165/02/000432,02,14,001,005,0015,133021437092545,P Pandiarajan,"51,,,,Korattur,Ambattur,Chennai.",8825440809,Approved By ZDT/HQDT,-,2026-08-31 12:39:41.316,"51,,,,Korattur,Ambattur,Chennai.",Sagunthala,Ponnusamy,1986-07-25,Male,Not Stated,PAN/Aadhar card/,,,211@@5,,,2026-08-31,CheckedXXX,,,2026-08-31,,,,,,,,,,,,,
2026/0165/02/000435,02,14,001,005,0079,133021437384942,Jemima Jayakumar,"14,,,,Ambattur,Ambattur,Chennai.",9042992471,Approved By ZDT/HQDT,-,2026-09-03 16:33:48.155,"14,,,,Ambattur,Ambattur,Chennai.",Nil,David Thomas,1993-02-06,Female,Not Stated,PAN/Aadhar card/,,,102@@0,,,2026-09-14,toXXXbeXXXvisited,,,2026-09-14,,,,,,,,,,,,,
2026/0165/02/000437,02,14,001,005,0033,133021434042719,L Shanmugam,"25/1,,,,Korattur,Ambattur,Chennai.",9840000482,Approved By ZDT/HQDT,-,2026-09-05 13:43:37.113,"25/1,,,,Korattur,Ambattur,Chennai.",A,Lakshmanan,1980-07-17,Male,Not Stated,PAN/Aadhar card/,,,62@@15,,,2026-09-14,toXXXbeXXXvisited,,,2026-09-14,,,,,,,,,,,,,
2026/0165/02/000456,02,14,001,005,0075,133021436528649,Narasimhan,"2/2A 4TH STREET,,,,Korattur,Ambattur,Chennai.",8056283154,Approved By ZDT/HQDT,-,2026-09-11 13:58:44.51,"2/2A 4TH STREET,,,,Korattur,Ambattur,Chennai.",Nil,Venkatasubramanian,1955-04-05,Male,Not Stated,PAN/Aadhar card/,,,26@@0,,,2026-09-14,toXXXbeXXXvisited,,,2026-09-14,,,,,,,,,,,,,
