appl_id,owner_name,owner_ename,relation,relative_name,extent,patta_no,relation_code,owner_num,status_owner,uds,photo,relative_ename,share,aadhar_no,sex,rel_num,district_code,taluk_code,town_code,ward_code,block_code
2026/0153/02/045470,பாலசுப்பிரமணியன்,,மகன்,வேதராமன்,,75100,5,1,,,,,,,,1,02,14,001,001,0043
2026/0153/02/045472,ஜே. சித்ரலேகா,,மனைவி,பாஸ்கர,,1841,4,1,,,,,,,,1,02,14,001,001,0012
2026/0153/02/045586,பக்தவச்சலம்.,,...,...,,8193,0,1,,,,,,,M,1,02,14,001,001,0053
2026/0153/02/045882,முனுசாமி நாயக்கர்,,மகன்,நடேசநாயக்கர்,,2887,5,1,,,,,,,,1,02,14,001,001,0019
2026/0153/02/046451,ம.முனிசாமி ரெட்டியார,,...,...,,8247,0,1,,,,,,,M,1,02,14,001,001,0055
2026/0153/02/046451,பூ.துரைசாமி ரெட்டியார,,...,-,,8247,0,2,,,,,,,M,1,02,14,001,001,0055
2026/0153/02/046451,பூ.மாணிக்கம்பிள்ளை.,,...,...,,8247,0,3,,,,,,,M,1,02,14,001,001,0055
2026/0153/02/046451,பூ.மாணிக்கம்,,...,-,,8247,0,4,,,,,,,M,1,02,14,001,001,0055
2026/0153/02/046451,பூ.பட்டம்மாள்,,...,-,,8247,0,5,,,,,,,M,1,02,14,001,001,0055
2026/0153/02/046451,சி.பொன்னுசாமி நாயக்கர,,...,-,,8247,0,6,,,,,,,M,1,02,14,001,001,0055
2026/0153/02/046451,அழகியசுந்தரம்பிள்ளை,,...,-,,8247,0,7,,,,,,,M,1,02,14,001,001,0055
2026/0153/02/046460,S.அமிதா,,மனைவி,S.யூசுப்,,81780,4,1,,,,,,,F,1,02,14,001,001,0055
2026/0153/02/046461,ம.முனிசாமி ரெட்டியார,,...,...,,8247,0,1,,,,,,,M,1,02,14,001,001,0055
2026/0153/02/046461,பூ.துரைசாமி ரெட்டியார,,...,-,,8247,0,2,,,,,,,M,1,02,14,001,001,0055
2026/0153/02/046461,பூ.மாணிக்கம்பிள்ளை.,,...,...,,8247,0,3,,,,,,,M,1,02,14,001,001,0055
2026/0153/02/046461,பூ.மாணிக்கம்,,...,-,,8247,0,4,,,,,,,M,1,02,14,001,001,0055
2026/0153/02/046461,பூ.பட்டம்மாள்,,...,-,,8247,0,5,,,,,,,M,1,02,14,001,001,0055
2026/0153/02/046461,சி.பொன்னுசாமி நாயக்கர,,...,-,,8247,0,6,,,,,,,M,1,02,14,001,001,0055
2026/0153/02/046461,அழகியசுந்தரம்பிள்ளை,,...,-,,8247,0,7,,,,,,,M,1,02,14,001,001,0055
2026/0153/02/046600,A.L.ALAGAMMAI ALIAS MALAR,,மனைவி,A.L.ALAGAPPAN,,81539,4,1,,,,,,,F,1,02,14,001,001,0035
2026/0153/02/046600,A.L.ALAGAPPAN,,மகன்,A.LAKSHMANAN,,81539,5,2,,,,,,,M,1,02,14,001,001,0035
2026/0153/02/046600,Y.KRISHNAMURTHY,,மகன்,Y.SOMAYAJULU,,81539,5,3,,,,,,,M,1,02,14,001,001,0035
2026/0153/02/046605,ப்பி. சுப்பிரமணியம்,,...,-,,2938,0,1,,,,,,,,1,02,14,001,001,0020
2026/0153/02/047098,V.ஜாக்குலின் சாந்தி,,மனைவி,ராஜகோபால்,,83950,4,1,,,,,,,F,1,02,14,001,001,0001
2026/0153/02/047850,வர்ஷினி ஆ,,மகள்,ஆனந்தராஜன்,,84101,6,1,,,,,,,,1,02,14,001,001,0050
2026/0153/02/048323,M.ஜெயந்தி,,மனைவி,N.மதிவாணன்,,69522,4,1,,,,,,,F,1,02,14,001,001,0015
2026/0153/02/048323,ஜெயந்தி,,மனைவி,மதிவாணன்,,83568,4,1,,,,,,,M,1,02,14,001,001,0015
2026/0153/02/048747,லீனா ஆரோக்கியமேரி பால்ராஜ்,,மனைவி,அந்தோணி செல்லப்பா பால்ராஜ்,,81385,4,1,,,,,,,F,1,02,14,001,001,0007
2026/0153/02/048999,R.ANANDAN,,மகன்,V.Ragava pillai,,3959,5,1,,,,,,,M,1,02,14,001,001,0025
2026/0153/02/049025,P.J.தெரசா மேரி,,மனைவி,அந்தோணி ஆரோக்கியராஜ் லியோ,,81384,4,1,,,,,,,F,1,02,14,001,001,0007
2026/0153/02/049026,ரா. அருளரசன்,,மகன்,ராமமூர்த்தி,,83861,5,1,,,,,,,,1,02,14,001,001,0043
2026/0153/02/049049,M.சீனிவாசன்,,மகன்,P.முருகேசன்,,81790,5,1,,,,,,,M,1,02,14,001,001,0007
2026/0153/02/049054,RAVI PRAKASH G,,மகன்,L.Gurusamy,,6014,5,1,,,,,,,M,1,02,14,001,001,0040
2026/0153/02/049054,G.THIYAGARAJAN,,மகன்,L.Gurusamy,,6014,5,2,,,,,,,M,1,02,14,001,001,0040
2026/0153/02/049054,ASWIN K,,மகன்,Krishna Kumar G,,6014,5,3,,,,,,,M,1,02,14,001,001,0040
2026/0153/02/049763,ஹசன் அலி,,மகன்,ஷரிப்,,1434,5,1,,,,,,,,1,02,14,001,001,0007
2026/0165/02/000043,அருள்,,மகன்,ராஜூ,,16789,5,1,,,,,,,,1,02,14,001,002,0079
2026/0165/02/000051,ஜெயதங்கம்,,மனைவி,அனந்தபெருமாள்.,,14016,4,1,,,,,,,M,1,02,14,001,002,0048
2026/0165/02/000066,குப்புசாமி,,...,,,99671,0,1,,,,,,,,1,02,14,001,005,0034
2026/0165/02/000237,தேவகி,,மகள்,லட்சுமண  நாயக்கர்,,104439,6,1,,,,,,,M,1,02,14,001,005,0033
2026/0165/02/000368,N ACHUTHAN,,மகன்,N P ACHUTHAN,,88223,5,1,,,,,,,M,1,02,14,001,008,0048
2026/0165/02/000390,V K வெங்கடேசன்,,மகன்,V  கிருஷ்ணன்,,82685,5,1,,,,,,,M,1,02,14,001,008,0069
2026/0165/02/000390,V K பத்மாவதி,,மகள்,ராமமூர்த்தி,,82685,6,2,,,,,,,M,1,02,14,001,008,0069
2026/0165/02/000390,V K சத்தியநாராயணன்,,மகன்,V K கிருஷ்ணன்,,82685,5,3,,,,,,,M,1,02,14,001,008,0069
2026/0165/02/000391,A.பத்மபிரியா,,மனைவி,A.விருச்சப்பதாஸ்,,85513,4,1,,,,,,,F,1,02,14,001,005,016A
2026/0165/02/000426,RESHAL BALASUBRAMANIAM,,மகன்,BALASUBRAMANIAM,,104831,5,1,,,,,,,F,1,02,14,001,005,0014
2026/0165/02/000432,பாண்டியராஜன்,,மகன்,பொன்னுசாமி,,91991,5,1,,,,,,,M,1,02,14,001,005,0015
2026/0165/02/000435,டே தாமஸ்,,மகன்,எம் டேனியல்,,94301,5,1,,,,,,,,1,02,14,001,005,0079
2026/0165/02/000435,ஜெனிபர் செல்வக்குமாரி,,மகள்,டே.தாமஸ்,,94301,6,2,,,,,,,,1,02,14,001,005,0079
2026/0165/02/000435,ஜெமிமா ஜெயக்குமாரி,,மனைவி,டே. தாமஸ்,,94301,4,3,,,,,,,,1,02,14,001,005,0079
2026/0165/02/000437,தேவகி,,மகள்,லட்சுமண  நாயக்கர்,,104439,6,1,,,,,,,M,1,02,14,001,005,0033
2026/0165/02/000456,M.சுப்பிரமணியன்,,மகன்,T.A.மாணிக்கம்,,102697,5,1,,,,,,,M,1,02,14,001,005,0075
2026/0165/02/000456,சஜிதா சுப்பிரமணியன்,,மனைவி,M.சுப்பிரமணியன்,,102697,4,2,,,,,,,F,1,02,14,001,005,0075
2026/0165/02/000456,V.V.நரசிம்மன்,,மகன்,வெங்கடசுப்பிரமணியன்,,102697,5,3,,,,,,,M,1,02,14,001,005,0075
2026/0165/02/000456,S.சத்தியநாராயணி,,மனைவி,நரசிம்மன்,,102697,4,4,,,,,,,F,1,02,14,001,005,0075
2026/0165/02/000456,V.V.நரசிம்மன்,,மகன்,வெங்கடசுப்பிரமணியன்,,102697,5,5,,,,,,,M,1,02,14,001,005,0075
2026/0165/02/000456,R.ரேவதி,,மகன்,N.ரகுநாதன்,,102697,5,6,,,,,,,M,1,02,14,001,005,0075
2026/0165/02/000456,M.விசுவநாத்குமார்,,மகன்,K.முத்தையா,,102697,5,7,,,,,,,M,1,02,14,001,005,0075
2026/0165/02/000456,A.விஜயலட்சுமி,,மனைவி,M.கோபிநாத்,,102697,4,8,,,,,,,F,1,02,14,001,005,0075
