slno,sno,district_code,taluk_code,town_code,ward_code,block_code,appl_id,survey_no,sub_div_no,old_patta_no,land_type_code,extent_u1,extent_u2,extent_u3,regi_doc_no,reason,regi_place,regi_on,zdt_patta_no,transaction_status,zdt_order_no,zdt_order_dt,zdt_remarks,update_dt,submit_date,extentares,taxrate,successioncertificateno,successioncertificatedate,successioncertificateissuedby,legalheircertificateplaceofissue,court_order_no,court_order_date,court_name,street_code,purchased_area,purchased_area_unit,transaction_code,oldstreet_code,sis_rec,sis_remarks,sis_rec_reason,new_door_no,new_tot_tax,old_door_no,old_tot_tax,group_survey_no,group_sub_div_no,group_patta_no,owner_correction_reason,trans_type,direct_transfer,land_cat_code
1919146,1,02,14,001,001,0043,2026/0153/02/045470,110,2,75100,2,0,2,1.0,R/17/1/11822/2026,Sale deed,Ambattur,28-08-2026,,02/06,2026/0153/02/045470TR,2026-09-13,NO LINK from RH வேதராமன் மகன் பாலசுப்பிரமணியன்/ N-Parent /Linked Documents are not submitted ,2026-09-13 21:01:39.178,2026-08-29 13:33:34.287+05:30,,,,,,,,,,0000,-,-,01,0000,N,NO LINK,06,,0.00,,0.00,,,,,,,1
1919162,1,02,14,001,001,0012,2026/0153/02/045472,35,0,1841,2,0,3,37.0,R/17/1/11775/2026,Sale deed,Ambattur,27-08-2026,,02/06,2026/0153/02/045472TR,2026-09-13,NO LINK from RH பாஸ்கர மனைவி ஜே. சித்ரலேகா / N-Parent /Linked Documents are not submitted,2026-09-13 21:06:02.74,2026-08-29 13:47:14.038+05:30,,,,,,,,,,0000,-,-,01,0000,N,NO LINK,06,,0.00,,0.00,,,,,,,1
1920116,1,02,14,001,001,0053,2026/0153/02/045586,132,1,8193,2,0,14,22.0,R/17/1/05765/1999,Sale deed,Ambattur,12-03-2000,,02/09,2026/0153/02/045586TR,2026-09-15,	VARIATION BOUNDARIES / N-Variation in Boundaries,2026-09-15 05:51:30.673,2026-08-31 11:55:08.213+05:30,,,,,,,,,,0000,909,Square Feet,01,,N,VARIATION BOUNDARIES,09,,0.00,,0.00,,,,,,,
1921708,1,02,14,001,001,0019,2026/0153/02/045882,90,0,2887,1,0,2,32.0,R/17/1/12093/2026,Sale deed,Ambattur,31-08-2026,,02/06,2026/0153/02/045882TR,2026-09-20,no link from RH 	நடேசநாயக்கர் மகன் முனுசாமி நாயக்கர்  / N-Parent /Linked Documents are not submitted,2026-09-20 19:39:20.638,2026-09-01 10:34:51.778+05:30,,,,,,,,,,0000,-,-,02,0000,N,no link,06,,0.00,69,0.00,,,,,,,1
1924943,1,02,14,001,001,0055,2026/0153/02/046451,16,1,8247,2,0,58,6.0,R/17/1/1018,Sale deed,Ambattur,08-11-2017,,02/06,2026/0153/02/046451TR,2026-09-20,Not approved No linked document from RH அழகியசுந்தரம்பிள்ளை சி.பொன்னுசாமி நாயக்கர பூ.பட்டம்மாள் பூ.மாணிக்கம் பூ.மாணிக்கம்பிள்ளை. பூ.துரைசாமி ரெட்டியார ம.முனிசாமி ரெட்டியார are submitted ,2026-09-20 22:12:54.679,2026-09-03 13:07:57.775+05:30,,,,,,,,,,0003,0586.0,Square Metre,01,,N,NO LINK,06,,0.00,,0.00,,,,,,,
1924955,1,02,14,001,001,0055,2026/0153/02/046460,16,11,81780,2,0,0,74.0,R/17/1/6074/1991,Sale deed,Ambattur,06-12-1991,,02/06,2026/0153/02/046460TR,2026-09-21,NO LINK from RH S.யூசுப் மனைவி S.அமிதா / N-Parent /Linked Documents are not submitted,2026-09-21 06:22:19.772,2026-09-03 13:11:09.784+05:30,,,,,,,,,,0003,0074.0,Square Metre,01,,N,NO LINK,06,,0.00,,0.00,,,,,,,
1924956,1,02,14,001,001,0055,2026/0153/02/046461,16,1,8247,2,0,58,6.0,R/17/1/6074,Sale deed,Ambattur,06-12-1991,,02/15,2026/0153/02/046461TR,2026-09-24,CORRECT TS 14 1 / N-Incorrect Survey /Subdivision number,2026-09-24 21:40:27.207,2026-09-03 13:11:23.912+05:30,,,,,,,,,,0003,0586.0,Square Metre,01,,N,CORRECT TS 14 1,15,,0.00,,0.00,,,,,,,
1925882,1,02,14,001,001,0035,2026/0153/02/046600,51,2,81539,2,0,2,19.0,R/17/1/11976/2026,Sale deed,Ambattur,31-08-2026,,02/06,2026/0153/02/046600TR,2026-09-21,NO LINK from RH Y.SOMAYAJULU மகன் Y.KRISHNAMURTHY A.LAKSHMANAN மகன் A.L.ALAGAPPAN A.L.ALAGAPPAN மனைவி A.L.ALAGAMMAI ALIAS MALAR/ N-Parent /Linked Documents are not submitted,2026-09-21 06:44:14.643,2026-09-03 20:24:58.934+05:30,,,,,,,,,,0003,-,-,01,0003,N,NO LINK,06,,0.00,,0.00,,,,,,,1
1925920,1,02,14,001,001,0020,2026/0153/02/046605,32,0,2938,2,0,8,84.0,R/17/1/12053/2026,Sale deed,Ambattur,31-08-2026,,02/06,2026/0153/02/046605TR,2026-09-21,NO LINK FROM RH ப்பி. சுப்பிரமணியம் / N-Parent /Linked Documents are not submitted,2026-09-21 06:47:55.672,2026-09-03 21:19:42.338+05:30,,,,,,,,,,0000,-,-,01,0000,N,NO LINK FROM RH,06,,0.00,,0.00,,,,,,,1
1929372,1,02,14,001,001,0001,2026/0153/02/047098,13,24,83950,2,0,1,11.5,R/17/1/12395/2026,Sale deed,Ambattur,07-09-2026,,02/09,2026/0153/02/047098TR,2026-09-22,VARIATION IN BOUNDARIES / N-Variation in Boundaries,2026-09-22 21:21:36.65,2026-09-08 15:34:28.622+05:30,,,,,,,,,,0007,-,-,01,0007,N,VARIATION IN BOUNDARIES,09,,0.00,,0.00,,,,,,,1
1934457,1,02,14,001,001,0050,2026/0153/02/047850,10,1,84101,2,0,0,73.0,R/17/1/12733/2026,Release deed,Ambattur,11-09-2026,84102,01,2026/0153/02/047850TR,2026-09-12,igrs Approved,2026-09-12 11:43:09.146,2026-09-12 11:43:09.146+05:30,,,,,,,,,,0000,-,-,01,0000,,,,8                   ,0.00,8                   ,0.00,,,,,S,N,1
1937426,1,02,14,001,001,0015,2026/0153/02/048323,1,23,69522,2,0,0,89.0,R/17/1/12801/2026,Settlement deed,Ambattur,16-09-2026,84103,01,2026/0153/02/048323TR,2026-09-16,igrs Approved,2026-09-16 15:40:37.873,2026-09-16 15:40:37.873+05:30,,,,,,,,,,0005,-,-,01,0005,,,,,0.00,,0.00,,,,,S,N,1
1937427,2,02,14,001,001,0015,2026/0153/02/048323,1,42,83568,2,0,0,27.0,R/17/1/12801/2026,Settlement deed,Ambattur,16-09-2026,84104,01,2026/0153/02/048323TR,2026-09-16,igrs Approved,2026-09-16 15:40:37.873,2026-09-16 15:40:37.873+05:30,,,,,,,,,,0005,-,-,01,0005,,,,,0.00,,0.00,,,,,S,N,1
1939788,1,02,14,001,001,0007,2026/0153/02/048747,21,21,81385,2,0,0,75.0,R/17/1/12896/2026,Sale deed,Ambattur,17-09-2026,84108,01,2026/0153/02/048747TR,2026-09-17,igrs Approved,2026-09-17 19:57:15.095,2026-09-17 19:57:15.095+05:30,,,,,,,,,,0002,-,-,01,0002,,,,,0.00,,0.00,,,,,S,N,1
1941672,1,02,14,001,001,0025,2026/0153/02/048999,109,0,3959,1,0,2,37.0,R/17/1/12974/2026,Settlement deed,Ambattur,18-09-2026,84117,01,2026/0153/02/048999TR,2026-09-19,igrs Approved,2026-09-19 12:42:56.753,2026-09-19 12:42:56.753+05:30,,,,,,,,,,0000,-,-,01,0000,,,,                    ,0.00,                    ,0.00,,,,,S,N,0
1941821,1,02,14,001,001,0007,2026/0153/02/049025,21,20,81384,2,0,0,38.0,R/17/1/12897/2026,Sale deed,Ambattur,17-09-2026,84118,01,2026/0153/02/049025TR,2026-09-19,igrs Approved,2026-09-19 14:28:01.286,2026-09-19 14:28:01.286+05:30,,,,,,,,,,0002,-,-,01,0002,,,,,0.00,,0.00,,,,,S,N,1
1941862,1,02,14,001,001,0043,2026/0153/02/049026,83,2,83861,2,0,2,6.0,R/17/1/12889/2026,Sale deed,Ambattur,17-09-2026,84119,01,2026/0153/02/049026TR,2026-09-19,igrs Approved,2026-09-19 14:40:25.818,2026-09-19 14:40:25.818+05:30,,,,,,,,,,0000,-,-,01,0000,,,,                    ,0.00,                    ,0.00,,,,,S,N,1
1942148,1,02,14,001,001,0007,2026/0153/02/049049,25,30,81790,2,0,1,11.5,R/17/1/12870/2026,Sale deed,Ambattur,17-09-2026,84120,01,2026/0153/02/049049TR,2026-09-19,igrs Approved,2026-09-19 17:18:07.546,2026-09-19 17:18:07.546+05:30,,,,,,,,,,0004,-,-,01,0004,,,,,0.00,,0.00,,,,,S,N,0
1942250,1,02,14,001,001,0040,2026/0153/02/049054,42,0,6014,2,0,0,93.0,R/17/1/12910/2026,Sale deed,Ambattur,17-09-2026,84121,01,2026/0153/02/049054TR,2026-09-19,igrs Approved,2026-09-19 18:41:01.408,2026-09-19 18:41:01.408+05:30,,,,,,,,,,0000,-,-,01,0000,,,,                    ,0.00,                    ,0.00,,,,,S,N,0
1946019,1,02,14,001,001,0008,2026/0153/02/049648,5,23,81004,2,0,1,67.0,R/17/1/1972/2020,Settlement deed,Ambattur,10-02-2020,,,,,,,2026-09-23 15:40:15.446+05:30,,,,,,,,,,,167.0,Square Metre,,0001,,,,,,,,,,,,,,1
1946166,1,02,14,001,001,0009,2026/0153/02/049671,79,1,1712,2,0,3,5.5,R/17/1/011550/2025,Sale deed,Ambattur,20-08-2025,,,,,,,2026-09-23 16:17:46.621+05:30,,,,,,,,,,,305.5,Square Metre,,0000,,,,,,,,,,,,,,1
1946759,1,02,14,001,001,0050,2026/0153/02/049760,36,1,7550,2,0,3,98.0,R/17/1/13207/2026,Sale deed,Ambattur,23-09-2026,,,,,,,2026-09-23 19:27:29.439+05:30,,,,,,,,,,0009,-,-,,0009,,,,,0.00,,0.00,,,,,,,1
1946820,1,02,14,001,001,0007,2026/0153/02/049763,21,6,1434,2,0,0,73.0,R/17/1/13193/2026,Sale deed,Ambattur,23-09-2026,84123,01,2026/0153/02/049763TR,2026-09-23,igrs Approved,2026-09-23 19:51:28.42,2026-09-23 19:51:28.42+05:30,,,,,,,,,,0000,-,-,01,0000,,,,                    ,0.00,                    ,0.00,,,,,S,N,1
1947007,1,02,14,001,001,0025,2026/0153/02/049792,124,1,3977,1,0,2,85.5,R/17/1/17592/2025,Sale deed,Ambattur,12-11-2025,,,,,,,2026-09-24 10:21:14.269+05:30,,,,,,,,,,,1800,Square Feet,,,,,,,,,,,,,,,,
1947160,1,02,14,001,001,0017,2026/0153/02/049830,130,1,2633,2,0,66,41.5,R/17/1/11440/2011,Sale deed,Ambattur,14-11-2011,,,,,,,2026-09-24 11:25:37.267+05:30,,,,,,,,,,,6641.5,Square Metre,,0001,,,,,,,,,,,,,,1
1947301,1,02,14,001,001,0048,2026/0153/02/049854,83,6,83701,2,0,0,74.0,R/17/1/10136/2026,Sale deed,Ambattur,20-07-2026,,,,,,,2026-09-24 12:25:58.432+05:30,,,,,,,,,,,74.0,Square Metre,,0000,,,,,,,,,,,,,,1
1947435,1,02,14,001,001,0003,2026/0153/02/049874,1,16,83728,2,0,1,18.5,R/17/1/06135/2026,Sale deed,Ambattur,06-05-2026,,,,,,,2026-09-24 13:22:07.483+05:30,,,,,,,,,,,118.5,Square Metre,,0015,,,,,,,,,,,,,,1
1947593,1,02,14,001,001,0030,2026/0153/02/049891,28,1,4863,2,0,2,36.0,R/17/1/7289/1991,Sale deed,Ambattur,20-09-1991,,,,,,,2026-09-24 14:06:39.991+05:30,,,,,,,,,,,236.0,Square Metre,,0000,,,,,,,,,,,,,,1
1947913,1,02,14,001,001,0028,2026/0153/02/049932,78,0,4524,2,0,1,2.0,R/17/1/705,Sale deed,Ambattur,18-06-1979,,,,,,,2026-09-24 16:14:29.437+05:30,,,,,,,,,,,102.0,Square Metre,,0000,,,,,,,,,,,,,,1
1947914,2,02,14,001,001,0028,2026/0153/02/049932,79,0,4525,2,0,2,35.0,R/17/1/705,Sale deed,Ambattur,18-06-1979,,,,,,,2026-09-24 16:14:29.437+05:30,,,,,,,,,,,235.0,Square Metre,,0000,,,,,,,,,,,,,,1
1678482,1,02,14,001,002,0079,2026/0165/02/000043,25,2,16789,1,0,1,11.0,R/17/1/12950/2025,Sale deed,Ambattur,12-09-2025,,02/06,2026/0165/02/000043TR,2026-08-06,Parent /Linked Documents are not submitted ,2026-08-06 12:24:01.861,2026-01-22 20:46:52.407+05:30,,,,,,,,,,,111.0,Square Metre,,0000,N,pls scan name transfer ,06,,,,,,,,02,,,1
1685886,1,02,14,001,002,0048,2026/0165/02/000051,26,0,14016,2,0,0,23.0,R/17/1/2297/2007,Sale deed,Ambattur,26-02-2007,,02/06,2026/0165/02/000051TR,2026-08-06,Parent link document not submitted,2026-08-06 12:26:16.668,2026-01-29 14:58:54.408+05:30,,,,,,,,,,,23.0,Square Metre,,0000,N,pls scan name transfer sacn no  0153,06,,,,,,,,02,,,1
1692040,1,02,14,001,005,0034,2026/0165/02/000066,14,0,99671,1,0,1,26.0,R/28/1/2633/1991,Sale deed,Annanagar,26-04-1991,,02/08,2026/0165/02/000066TR,2026-06-27,Based on the sis enquiry report no need to  correction ,2026-06-27 10:23:27.039,2026-02-03 16:06:14.055+05:30,,,,,,,,,,,126.0,Square Metre,,0000,N,No Name Correction in this Application. Hence rejected,03,,,,,,,,02,,,1
1824015,1,02,14,001,005,0033,2026/0165/02/000237,62,15,104439,1,0,3,11.5,R/36/1/5626,Sale deed,Villivakkam,13-06-2017,,02/03,2026/0165/02/000237TR,2026-07-19,No new owner name details ,2026-07-19 20:47:20.941,2026-06-11 18:36:48.938+05:30,,,,,,,,,,,311.5,Square Metre,,0018,N,no correction - nisd - wrong application,03,,,,,,,,01,,,1
1870464,1,02,14,001,001,0001,2026/0165/02/000331,103,7,84012,1,0,1,11.0,3001/1985,Legal Heir,Ambattur,13-06-1985,,,,,,,2026-07-17 21:09:39.376+05:30,,,,,,,,,,,111.0,Square Metre,,0000,,,,,,,,,,,02,,,1
1884884,1,02,14,001,008,0048,2026/0165/02/000368,173,0,88223,1,0,2,24.0,R/17/1/2381/1991,Sale deed,Ambattur,25-03-1991,,02/06,2026/0165/02/000368TR,2026-08-13,Pls scan name transfer because we could not edit the name / N-Parent /Linked Documents are not submitted .,2026-08-13 20:12:21.062,2026-07-30 16:02:30.309+05:30,,,,,,,,,,,224.0,Square Metre,,0000,N,Pls scan name transfer because we could not edit the name ,06,,,,,,,,01,,,1
1894968,1,02,14,001,008,0069,2026/0165/02/000390,154,0,82685,1,0,0,44.0,R/27/1/6311/1994,Sale deed,Konnur,21-10-1994,82685,01,2026/0165/02/000390TR,2026-08-13,Approved,2026-08-13 20:08:05.846,2026-08-08 22:50:31.497+05:30,,,,,,,,,,,44.0,Square Metre,,0000,Y,RECOMMENDED AS PER LEGAL HIER CERTIFICATE ,,,,,,,,,02,,,1
1895662,1,02,14,001,005,016A,2026/0165/02/000391,5,33,85513,2,0,1,26.0,R/36/1/8270/2025,Sale deed,Villivakkam,11-10-2025,85513,01,2026/0165/02/000391TR,2026-08-13,Approved,2026-08-13 20:09:31.74,2026-08-10 13:55:43.558+05:30,,,,,,,,,,,126.0,Square Metre,,0010,Y,Recommend ,,,,,,,,,02,,,1
1899436,1,02,14,001,008,0058,2026/0165/02/000397,35,21,89646,5,0,0,53.0,R/27/1/368/2021,Sale deed,Konnur,27-01-2021,,,,,,,2026-08-13 11:01:58.353+05:30,,,,,,,,,,,53.0,Square Metre,,0000,,,,,,,,,,,01,,,1
1912173,1,02,14,001,008,0008,2026/0165/02/000423,135,0,92157,1,0,4,25.0,3703/2021,Release Deed,Konnur,16-07-2021,,,,,,,2026-08-24 12:56:01.867+05:30,,,,,,,,,,,425.0,Square Metre,,0004,,,,,,,,,,,02,,,1
1914083,1,02,14,001,005,0014,2026/0165/02/000424,150,10,87884,2,0,2,22.0,R/36/1/252/2026,Sale deed,Villivakkam,12-01-2026,,,,,,,2026-08-25 13:42:59.132+05:30,,,,,,,,,,,222.0,Square Metre,,0000,,,,,,,,,,,02,,,1
1914317,1,02,14,001,005,0014,2026/0165/02/000426,174,27,104831,2,0,0,45.0,R/36/1/4346/2026,Sale deed,Villivakkam,30-05-2026,104831,01,2026/0165/02/000426TR,2026-08-27,Approved,2026-08-27 12:12:58.33,2026-08-25 15:43:05.873+05:30,,,,,,,,,,,45.0,Square Metre,,0000,Y,Recommended,,,,,,,,,02,,,1
1920235,1,02,14,001,005,0015,2026/0165/02/000432,211,5,91991,2,0,1,11.0,R/36/1/4084/2026,Settlement deed,Villivakkam,20-05-2026,91991,01,2026/0165/02/000432TR,2026-08-31,APPROVED,2026-08-31 13:31:55.039,2026-08-31 12:39:41.316+05:30,,,,,,,,,,,111.0,Square Metre,,0001,Y,Recommended ,,,,,,,,,02,,,1
1925379,1,02,14,001,005,0079,2026/0165/02/000435,102,0,94301,1,0,2,65.0,R/36/1/5620/2023,Settlement deed,Villivakkam,16-06-2023,94301,01,2026/0165/02/000435TR,2026-09-18,APPROVED,2026-09-18 10:05:45.637,2026-09-03 16:33:48.155+05:30,,,,,,,,,,,265.0,Square Metre,,0000,Y,s,,,,,,,,,01,,,1
1926566,1,02,14,001,005,0033,2026/0165/02/000437,62,15,104439,1,0,3,11.5,R/36/1/1120,Sale deed,Villivakkam,23-03-2006,104439,01,2026/0165/02/000437TR,2026-09-18,APPROVED,2026-09-18 10:08:41.954,2026-09-05 13:43:37.113+05:30,,,,,,,,,,,311.5,Square Metre,,0018,Y,s,,,,,,,,,02,,,1
1933718,1,02,14,001,005,0075,2026/0165/02/000456,26,0,102697,1,0,5,47.0,R/36/1/4376,Sale deed,Villivakkam,31-07-2019,102697,01,2026/0165/02/000456TR,2026-09-18,APPROVED,2026-09-18 10:10:46.419,2026-09-11 13:58:44.51+05:30,,,,,,,,,,,547.0,Square Metre,,0000,Y,s,,,,,,,,,02,,,1
