district_code,taluk_code,town_code,ward_code,block_code,door_no,patta_no,occ_cd,own_num,owner,owner_english,rel_num,relative,relative_english,reltn,share,address,cin_no,form6_no,assign_no,ration_card_no,epic_no,pincode,updn_dt,user_no,aadhar_no,sex,igrs_form6_no,mobile_number,appl_id,owner_img
02,14,001,001,0012,,1841,,2,கற்பகவள்ளி,,1,பாலாஜி,,4,,,,2026/0153/02/045472,,,,,2026-09-10 19:35:33.3+05:30,,,,202653322998,4454685444,2026/0153/02/045472,
02,14,001,001,0012,,1841,,1,பாலாஜி,,1,சுப்பைய்யா,,5,,,,2026/0153/02/045472,,,,,2026-09-10 19:35:33.3+05:30,,,,202653322998,9176982281,2026/0153/02/045472,
02,14,001,001,0020,,2938,,1,கு லதா,,1,ஞானசேகரன்,,4,,,,2026/0153/02/046605,,,,,2026-09-17 19:43:39.37+05:30,,,,202653601763,9790979728,2026/0153/02/046605,
02,14,001,001,0043,,75100,,1,ர. சிவானந்தம்,,1,ரத்தினம்,,5,,,,2026/0153/02/045470,,,,,2026-09-10 19:34:10.681+05:30,,,,202653322449,9487239682,2026/0153/02/045470,
02,14,001,001,0001,,83950,,1,ஷபீர்,,1,ஷேக் அக்பர்,,5,,,,2026/0153/02/047098,,,,,2026-09-17 20:18:08.45+05:30,,,,202653719078,9952949642,2026/0153/02/047098,
02,14,001,001,0001,,83950,,2,உமேரா பி,,1,ஷபீர்,,4,,,,2026/0153/02/047098,,,,,2026-09-17 20:18:08.45+05:30,,,,202653719078,,2026/0153/02/047098,
02,14,001,001,0019,,2887,,1,மேகஸ்ருங்கன்,,1,கிருஷ்ணன்,,5,,,,2026/0153/02/045882,,,,,2026-09-17 12:26:20.081+05:30,,,,202653414868,9003122676,2026/0153/02/045882,
02,14,001,001,0019,,2887,,2,எஸ்  லட்சுமி,,1,கிருஷ்ணன்,,4,,,,2026/0153/02/045882,,,,,2026-09-17 12:26:20.081+05:30,,,,202653414868,,2026/0153/02/045882,
02,14,001,001,0035,,81539,,1,சு. ரமேஷ்பாபு,,1,சுப்பிரமணியம்,,5,,,,2026/0153/02/046600,,,,,2026-09-17 19:34:30.713+05:30,,,,202653600782,9952927568,2026/0153/02/046600,
