appl_id,owner_name,owner_ename,relation,relative_name,extent,patta_no,relation_code,owner_num,status_owner,uds,photo,relative_ename,share,aadhar_no,sex,rel_num,block_code,survey_no,sub_div_no,district_code,taluk_code,town_code,ward_code,owner_img,mobile_number
2026/0153/02/047850,ஆ காயத்ரி,,மனைவி,ஆனந்தராஜன்,,84101,4,1,N,,,,,,,1,0050,10,1,02,14,001,001,,8248957923
2026/0153/02/048323,வசந்தகுமார்,,மகன்,பூபதி,,69522,5,1,N,,,,,,,1,0015,1,23,02,14,001,001,,8072350923
2026/0153/02/048323,வசந்தகுமார்,,மகன்,பூபதி,,83568,5,1,N,,,,,,,1,0015,1,42,02,14,001,001,,8072350923
2026/0153/02/048747,வி மணிகண்டன்,,மகன்,விஜய ராகவன்,,81385,5,1,N,,,,,,,1,0007,21,21,02,14,001,001,,9282110153
2026/0153/02/048999,அஷ்வின்,,மகன்,ஆனந்தன்,,3959,5,1,N,,,,,,,1,0025,109,0,02,14,001,001,-,9444323267
2026/0153/02/049025,வி மணிகண்டன்,,மகன்,விஜய ராகவன்,,81384,5,1,N,,,,,,,1,0007,21,20,02,14,001,001,,9282110153
2026/0153/02/049026,ச. பாலமுரளி,,மகன்,சக்கரபாணி,,83861,5,1,N,,,,,,,1,0043,83,2,02,14,001,001,,9380012999
2026/0153/02/049026,பா. ஸ்ரீதேவி,,மனைவி,பாலமுரளி,,83861,4,2,N,,,,,,,1,0043,83,2,02,14,001,001,,9380015999
2026/0153/02/049049,ஈஸ்வரவேலன்,,மகன்,மாரிமுத்து,,81790,5,1,N,,,,,,,1,0007,25,30,02,14,001,001,,9884466440
2026/0153/02/049049,இந்திரா,,மனைவி,ஈஸ்வரவேலன்,,81790,4,2,N,,,,,,,1,0007,25,30,02,14,001,001,,9884466440
2026/0153/02/049054,பூங்கொடி ப,,மகள்,பச்சையப்பன்,,6014,6,1,N,,,,,,,1,0040,42,0,02,14,001,001,,9962010021
2026/0153/02/049763,சகாதேவன்,,மகன்,இளையபெருமாள்,,1434,5,1,N,,,,,,,1,0007,21,6,02,14,001,001,,7299348092
2026/0165/02/000390,V K வெங்கடேசன்,,மகன்,V  கிருஷ்ணன்,,82685,5,1,,,,,,,M,1,0069,154,0,02,14,001,008,,
2026/0165/02/000390,V K பத்மாவதி,,மனைவி,ராமமூர்த்தி,,82685,4,2,,,,,,,F,1,0069,154,0,02,14,001,008,,
2026/0165/02/000390,V K சத்தியநாராயணன்,,மகன்,V கிருஷ்ணன்,,82685,5,3,,,,,,,M,1,0069,154,0,02,14,001,008,,
2026/0165/02/000391,A.பத்மபிரபா,,மனைவி,A.விருச்சப்பதாஸ்,,85513,4,1,,,,,,,F,1,016A,5,33,02,14,001,005,,
2026/0165/02/000426,RESHAL BALASUBRAMANIYAM,IY,மகன்,BALASUBRAMANIYAM,,104831,5,1,,,,,,,M,1,0014,174,27,02,14,001,005,,
2026/0165/02/000432,பாண்டிராஜன்,,மகன்,பொன்னுசாமி,,91991,5,1,,,,,,,M,1,0015,211,5,02,14,001,005,,
2026/0165/02/000435,டே தாமஸ்,,மகன்,எம் டேனியல்,,94301,5,1,,,,,,,,1,0079,102,0,02,14,001,005,,
2026/0165/02/000435,ஜெனிபர் செல்வக்குமாரி,,மகள்,டே.தாமஸ்,,94301,6,2,,,,,,,,1,0079,102,0,02,14,001,005,,
2026/0165/02/000435,ஜெமிமா ஜெயக்குமாரி,,மனைவி,தினேஷ்,,94301,4,3,,,,,,,F,1,0079,102,0,02,14,001,005,,
2026/0165/02/000437,தேவகி,,மனைவி,லட்சுமண  நாயக்கர்,,104439,4,1,,,,,,,F,1,0033,62,15,02,14,001,005,,
2026/0165/02/000456,M.சுப்பிரமணியன்,,மகன்,T.A.மாணிக்கம்,,102697,5,1,,,,,,,M,1,0075,26,0,02,14,001,005,,
2026/0165/02/000456,சஜிதா சுப்பிரமணியன்,,மனைவி,M.சுப்பிரமணியன்,,102697,4,2,,,,,,,F,1,0075,26,0,02,14,001,005,,
2026/0165/02/000456,V.V.நரசிம்மன்,,மகன்,வெங்கடசுப்பிரமணியன்,,102697,5,3,,,,,,,M,1,0075,26,0,02,14,001,005,,
2026/0165/02/000456,S.சத்தியநாராயணி,,மனைவி,நரசிம்மன்,,102697,4,4,,,,,,,F,1,0075,26,0,02,14,001,005,,
2026/0165/02/000456,V.V.நரசிம்மன்,,மகன்,வெங்கடசுப்பிரமணியன்,,102697,5,5,,,,,,,M,1,0075,26,0,02,14,001,005,,
2026/0165/02/000456,R.ரேவதி,,மனைவி,N.ரகுநாதன்,,102697,4,6,,,,,,,F,1,0075,26,0,02,14,001,005,,
2026/0165/02/000456,M.விசுவநாத்குமார்,,மகன்,K.முத்தையா,,102697,5,7,,,,,,,M,1,0075,26,0,02,14,001,005,,
2026/0165/02/000456,A.விஜயலட்சுமி,,மனைவி,M.கோபிநாத்,,102697,4,8,,,,,,,F,1,0075,26,0,02,14,001,005,,
