appl_id,district_code,taluk_code,town_code,ward_code,block_code,can,appl_name,appl_address_cur,mobile_no,appl_status,remarks,update_date,appl_status_code,reject_reason_code,enclosures,challan_no,challan_date,treasury,bank,bank_branch,paymentmode,firstpage,reversepage,lastpage,sro,encertify,proposed_field_visit_date,proposed_remarks,missing_docs,amount,csc_name,igrs_form6no,rtr_str,appl_address_perm,mother_name,father_name,dob,gender,merge_applid
2026/0154/02/012547,02,14,001,001,0055,133021437080342,Sumathi,"4/8,,,,Oragadam,Ambattur,Chennai.",8939501718,Rejected,Return By Tahsildar Submit with link document,2026-08-05 13:10:29.319,M,,Aadhar card/,234,2026-09-01,01,,,treasury,,7@@1,,,,2026-08-31,fv,,650.00,,,,,,,,,
2026/0154/02/012715,02,14,001,001,0001,133021437106012,Malavathi S,"4,,,,Oragadam,Ambattur,Chennai.",7448643487,Rejected,,2026-08-07 13:34:54.695,,,Aadhar card/,2026596459454,2026-09-08,01,,,treasury,,293@@1,,,,2026-08-31,fv,,650.00,,,,,,,,,
2026/0154/02/012766,02,14,001,001,0025,133021430550860,Dhanalashmi,"1,,,,Ambattur,Ambattur,Chennai.",9300000040,Order Generated,,2026-08-08 15:27:41.779,,,Aadhar card/,2026564545845,2026-08-21,01,,,treasury,,76@@2,,,,2026-08-21,FV,,650.00,,,,,,,,,
2026/0154/02/012834,02,14,001,001,0033,133021425062784,G Ravi,"23/23,Vinagayagapuram,,,Ambattur,Ambattur,Chennai.",9962723991,Order Generated,,2026-08-10 17:03:25.611,,,Aadhar card/,45,2026-09-01,01,,,treasury,,75@@1,,,,2026-08-31,fv,,650.00,,,,,,,,,
2026/0154/02/012866,02,14,001,001,0001,133021421886331,Murugan S,"14/22,Street,,,Oragadam,Ambattur,Chennai.",8695677023,Rejected,,2026-08-11 12:26:52.245,,,Aadhar card/,20268543434,2026-09-17,01,,,treasury,,217@@1,,,,2026-08-31,fv,,650.00,,,,,,,,,
2026/0154/02/012979,02,14,001,001,0028,133021433599356,Janarthanam S,"15,,79,Santhanayoga Illam Pari Sampanthar Street,Oragadam,Ambattur,Chennai.",9629585697,Rejected,,2026-08-12 16:48:57.67,,,Aadhar card/,,,,,,,,105ZZ106@@2ZZ2,,,,2026-08-31,fv,,,,,,,,,,,
2026/0154/02/013133,02,14,001,001,0055,133021437182832,Rakesh M,"158/5b,,,,Oragadam,Ambattur,Chennai.",7092988891,Rejected,Return By Tahsildar Submit with link document,2026-08-14 17:34:57.66,M,,Aadhar card/,345,2026-09-01,02,,,treasury,,7@@1,,,,2026-08-31,fv,,650.00,,,,,,,,,
2026/0154/02/013180,02,14,001,001,0007,133010727267495,Gopinath,"-,Tiruvallur,,,Tiruvallur,Tiruvallur,Tiruvallur.",9954857884,Order Generated,,2026-08-17 13:10:35.517,,,Aadhar card/,2026585748478,2026-09-07,01,,,treasury,,72@@1,,,,2026-08-25,FV,,650.00,,,,,,,,,
2026/0154/02/013262,02,14,001,001,0001,133021427034127,Venkatesan,"4/6A,Varalakshmi Street Venkateshwara Nagar,,,Ambattur,Ambattur,Chennai.",9791109292,Rejected,,2026-08-18 11:56:26.826,,,Aadhar card/,202644458875654,2026-09-17,01,,,treasury,,306@@1,,,,2026-08-31,fv,,650.00,,,,,,,,,
2026/0154/02/013297,02,14,001,001,0021,133021437214393,Ragini,"A1 3RD CROSS ST,,,,Oragadam,Ambattur,Chennai.",9445809358,Rejected,,2026-08-18 15:48:49.334,,,Aadhar card/,20255686342343,2026-09-17,01,,,treasury,,18/1@@1,,,,2026-08-31,fv,,650.00,,,,,,,,,
2026/0154/02/013410,02,14,001,001,0031,13302142644153,S Shuban,"3,,,,Oragadam,Ambattur,Chennai.",9940100142,Rejected,,2026-08-19 17:43:06.105,,,Aadhar card/,2026551819,2026-09-17,01,,,treasury,,11@@0,,,,2026-08-31,fv,,650.00,,,,,,,,,
2026/0154/02/013534,02,14,001,001,0050,133021413288473,Durgadevi,"12/55,Pandiyan Street Prakash Nagar,,,Oragadam,Ambattur,Chennai.",9944140839,Order Generated,,2026-08-21 12:54:37.233,,,Aadhar card/,2026215518,2026-09-17,01,,,treasury,,60@@1,,,,2026-08-31,fv,,650.00,,,,,,,,,
2026/0154/02/013563,02,14,001,001,0034,133021437254985,Balaji,"1,,,,Oragadam,Ambattur,Chennai.",9344682181,Order Generated,,2026-08-21 16:22:10.301,,,Aadhar card/,20265654541541,2026-09-08,01,,,treasury,,4@@1,,,,2026-08-31,fv,,650.00,,,,,,,,,
2026/0154/02/013567,02,14,001,001,0002,133021437255268,Sailaja,"1,,,,Oragadam,Ambattur,Chennai.",9344682181,Order Generated,,2026-08-21 16:34:19.966,,,Aadhar card/,2026565455454,2026-09-07,01,,,treasury,,26@@1,,,,2026-08-31,fv,,650.00,,,,,,,,,
2026/0154/02/013642,02,14,001,001,0003,133021436947476,Uthra,"1,,,,Oragadam,Ambattur,Chennai.",7299931031,Order Generated,-,2026-08-22 18:57:18.084,M,,Aadhar card/,20264554543,2026-08-31,01,,,treasury,,103@@6,,,,2026-08-25,FV,,650.00,,,,,,,,,2026/0154/02/011886
2026/0154/02/013656,02,14,001,001,0055,133021437270301,Latha,"4/9,,,,Oragadam,Ambattur,Chennai.",9444789030,Rejected,Return By Tahsildar Submit with link document,2026-08-24 11:46:42.424,M,,Aadhar card/,345,2026-09-01,02,,,treasury,,7@@1,,,,2026-08-31,fv,,650.00,,,,,,,,,
2026/0154/02/013710,02,14,001,001,0005,133021436981186,V Manokari,"XXXX,,,,Ambattur,Ambattur,Chennai.",8939742649,Order Generated,,2026-08-24 17:24:10.217,,,Aadhar card/,20265648458458,2026-09-17,01,,,treasury,,54@@1,,,,2026-09-15,FV,,650.00,,,,,,,,,
2026/0154/02/014614,02,14,001,001,0008,133021430550860,Dhanalashmi,"1,,,,Ambattur,Ambattur,Chennai.",9300000040,Order Generated,,2026-09-09 11:05:24.802,,,Aadhar card/,2026684848481,2026-09-17,01,,,treasury,,13/1@@1,,,,2026-09-15,FV,,650.00,,,,,,,,,
2026/0154/02/014646,02,14,001,001,0002,133021430533102 ,Parthasarathy,"4,,,CHENNAI,Ambattur,Ambattur,Chennai.",9340000000,Order Generated,,2026-09-09 15:55:10.624,,,Aadhar card/,20265848484,2026-09-17,01,,,treasury,,7@@1,,,,2026-09-15,FV,,650.00,,,,,,,,,
2026/0154/02/015386,02,14,001,001,0032,202654340898,THIAGARAJAN,"19/10, Thirumurthy Street, Ramnagar, Ambattur, Chennai, Tamil Nadu, India, 600053",9094040107,Send to SIS,-,2026-09-22 16:45:49.186,,,-,,,,,,,,27@@0,,,,2026-09-24,FV,,,,202654340898,S,,,,,,
2026/0154/02/015395,02,14,001,001,0025,133021437535687,K Bhuvaneswari,"1,,,,Oragadam,Ambattur,Chennai.",9710953407,Send to SIS,,2026-09-22 17:57:54.131,,,Aadhar card/,,,,,,,,120@@1,,,,2026-09-24,FV,,,,,,,,,,,
2026/0154/02/015398,02,14,001,001,0002,202654355808,ரமேஷ்,"நெ.182ஏ, லேக் விவ் அபார்ட்மெண்ட்ஸ், 22வது அவென்யூ அம்பத்தூர், சென்னை, Chennai, Tamil Nadu, India, 600053",9094699200,Send to SIS,-,2026-09-22 18:34:10.34,,,-,,,,,,,,16@@1,,,,,,,,,202654355808,S,,,,,,
2026/0154/02/015465,02,14,001,001,0054,202654421488,சீ. சண்முகம்,"கதவு எண்.12, துலுக்கானத்தம்மன் கோயில் தெரு, வெங்கடாபுரம், அம்பத்தூர்,, Chennai, Tamil Nadu, India, 600053",9452751273,Send to SIS,-,2026-09-23 18:57:41.708,,,-,,,,,,,,10@@1,,,,2026-09-24,FV,,,,202654421488,S,,,,,,
2026/0154/02/015495,02,14,001,001,0001,133021421886331,Murugan S,"14/22,Street,,,Oragadam,Ambattur,Chennai.",8695677023,Send to SIS,,2026-09-24 12:22:53.718,,,Aadhar card/,,,,,,,,217@@1,,,,,,,,,,,,,,,,
2026/0154/02/015526,02,14,001,001,0017,133021436376044,J Saravanan,"94,,,,Oragadam,Ambattur,Chennai.",7834878578,Send to SIS,,2026-09-24 16:03:32.696,,,Aadhar card/,,,,,,,,144@@1,,,,,,,,,,,,,,,,
2026/0154/02/015541,02,14,001,001,0017,133020415527020,Vijayasankar,"16,,,,Villivakkam,Ayanavaram,Chennai.",9444732949,Send to SIS,,2026-09-24 17:27:24.242,,,Aadhar card/,,,,,,,,144@@1,,,,,,,,,,,,,,,,
2026/0154/02/015544,02,14,001,001,0017,133010737557482,J Suresh Kumar,"0,Ambathur Oragadam,,,Tiruvallur,Tiruvallur,Tiruvallur.",9790905006,Send to SIS,,2026-09-24 17:33:44.229,,,Aadhar card/,,,,,,,,144@@1,,,,,,,,,,,,,,,,
2026/0154/02/015567,02,14,001,001,0001,133021437057291,C Suresh,"93,,,,Oragadam,Ambattur,Chennai.",9941143745,Forward To ZDT,SIS Remark: Transfer to Not Involving Subdivision,2026-09-24 21:35:29.393,,,Aadhar card/,,,,,,,,142@@1,,,,,,,,,,,,,,,,
2026/0154/02/015568,02,14,001,001,0026,133021437179255,Jamuna D,"53,,,,Oragadam,Ambattur,Chennai.",9566105086,Forward To ZDT,SIS Remark: Transfer to Not Involving Subdivision,2026-09-24 21:37:23.957,,,Aadhar card/,,,,,,,,160@@2,,,,,,,,,,,,,,,,
