slno,district_code,taluk_code,town_code,ward_code,block_code,survey_no,sub_div_no,can,appl_id,old_patta_no,door_no,type_ecate,land_type_code,ext_u1,ext_u2,ext_u3,submit_dt,challan_no,challan_date,treasury,bank,bank_branch,paymentmode,amount
265,02,14,001,001,0025,81,1,13302122264735,2026/0156/02/000265,3920,,Private,2,0,0.000,38.500,2026-05-14 16:26:36.521+05:30,78,2026-05-20,01,,,treasury,50.00
306,02,14,001,001,0055,46,85,133021433385405,2026/0156/02/000306,83653,,Private,2,0,1.000,20.000,2026-05-27 12:10:11.941+05:30,20265454,2026-08-13,01,,,treasury,50.00
314,02,14,001,001,0056,75,11,133021429289472,2026/0156/02/000314,83894,,Private,1,0,0.000,79.000,2026-06-01 11:45:28.869+05:30,202656544854,2026-08-13,01,,,treasury,50.00
317,02,14,001,001,0025,115,12,133021227028390,2026/0156/02/000317,83807,,Private,1,0,2.000,43.000,2026-06-01 16:34:05.983+05:30,2026044474,2026-08-13,01,,,treasury,50.00
338,02,14,001,001,0012,44,0,133021436346534,2026/0156/02/000338,1851,34/126/7,Private,1,0,2.000,21.000,2026-06-10 16:19:35.683+05:30,20266554748,2026-08-13,01,,,treasury,50.00
417,02,14,001,001,0051,169,1,133021435736920,2026/0156/02/000417,7857,4,Private,2,0,2.000,50.500,2026-07-13 15:52:41.428+05:30,202699668654,2026-08-14,01,,,treasury,50.00
440,02,14,001,001,0001,13,18,133300121212850,2026/0156/02/000440,81626,,Private,2,0,1.000,74.000,2026-07-20 18:00:37.771+05:30,202699863,2026-08-14,01,,,treasury,50.00
549,02,14,001,001,0031,104,0,133021429309678,2026/0156/02/000549,4993,,Private,2,0,3.000,50.000,2026-08-23 20:43:47.069+05:30,52,2026-08-31,01,,,treasury,50.00
558,02,14,001,001,0003,156,0,133021435016767,2026/0156/02/000558,895,-,Private,1,0,2.000,6.000,2026-08-25 13:13:00.696+05:30,58,2026-08-31,02,,,treasury,50.00
498,02,14,001,001,0007,25,40,133010420089453,2026/0156/02/000498,83385,,Private,2,0,0.000,51.000,2026-08-10 14:27:43.018+05:30,85,2026-08-31,01,,,treasury,50.00
579,02,14,001,001,0019,24,0,133021437343943,2026/0156/02/000579,2818,,Private,2,0,2.000,26.000,2026-08-31 14:20:59.208+05:30,,,,,,,
265,02,14,001,001,0025,81,1,13302122264735,2026/0156/02/000265,3920,,Private,2,0,0.000,38.500,2026-05-14 16:26:36.521+05:30,78,2026-05-20,01,,,treasury,50.00
306,02,14,001,001,0055,46,85,133021433385405,2026/0156/02/000306,83653,,Private,2,0,1.000,20.000,2026-05-27 12:10:11.941+05:30,20265454,2026-08-13,01,,,treasury,50.00
314,02,14,001,001,0056,75,11,133021429289472,2026/0156/02/000314,83894,,Private,1,0,0.000,79.000,2026-06-01 11:45:28.869+05:30,202656544854,2026-08-13,01,,,treasury,50.00
317,02,14,001,001,0025,115,12,133021227028390,2026/0156/02/000317,83807,,Private,1,0,2.000,43.000,2026-06-01 16:34:05.983+05:30,2026044474,2026-08-13,01,,,treasury,50.00
338,02,14,001,001,0012,44,0,133021436346534,2026/0156/02/000338,1851,34/126/7,Private,1,0,2.000,21.000,2026-06-10 16:19:35.683+05:30,20266554748,2026-08-13,01,,,treasury,50.00
417,02,14,001,001,0051,169,1,133021435736920,2026/0156/02/000417,7857,4,Private,2,0,2.000,50.500,2026-07-13 15:52:41.428+05:30,202699668654,2026-08-14,01,,,treasury,50.00
440,02,14,001,001,0001,13,18,133300121212850,2026/0156/02/000440,81626,,Private,2,0,1.000,74.000,2026-07-20 18:00:37.771+05:30,202699863,2026-08-14,01,,,treasury,50.00
549,02,14,001,001,0031,104,0,133021429309678,2026/0156/02/000549,4993,,Private,2,0,3.000,50.000,2026-08-23 20:43:47.069+05:30,52,2026-08-31,01,,,treasury,50.00
558,02,14,001,001,0003,156,0,133021435016767,2026/0156/02/000558,895,-,Private,1,0,2.000,6.000,2026-08-25 13:13:00.696+05:30,58,2026-08-31,02,,,treasury,50.00
498,02,14,001,001,0007,25,40,133010420089453,2026/0156/02/000498,83385,,Private,2,0,0.000,51.000,2026-08-10 14:27:43.018+05:30,85,2026-08-31,01,,,treasury,50.00
579,02,14,001,001,0019,24,0,133021437343943,2026/0156/02/000579,2818,,Private,2,0,2.000,26.000,2026-08-31 14:20:59.208+05:30,,,,,,,
