slno,district_code,taluk_code,town_code,ward_code,block_code,appl_id,appl_status,operation,street_code,survey_no,subdiv_no,osubdiv_no,osurvey_no,dbl_crop,part_ind,door_no,govt_pri,land_type,irr_source,tax_rate,soil_type_p,soil_type_s,soil_class,tax_hect,ext_unit,ext_u1,ext_u2,ext_u3,tot_tax,patta_no,occ_cd,land_use,remarks,remarks1,newpatta,oldpatta,form7_no,form8_no,form6_no,relinq_no,assign_no,alien_no,aquis_no,assessed,cultivable,updn_dt,descriptive_remarkcode,descriptive_landuse,municipal_tax,approval_file_no,approval_file_date,status,username,existing_patta_no,new_patta_no,tempsubdiv_no,reject_reason_code,coss_block_code,flowtype,street_name_citizen
1,02,14,001,001,0026,2026/0158/02/000002,01,01,0000,137,0,,21/3A1A1A1 PT, ,,24,2,2,,,7,,5,1.87,,0,2,32.0,0.00,4295,,99,,TR.NO/2026/0158/02/000002-2026-01-01 13:48:42.233   AS PER PROCEEDINGS BY THE REVENUE DIVISIONAL OFFICER CENTRAL CHENNAI DIVISION RC NO  A5/5715/2025 DATED 09.10.2025,,,,,,,,,,Y,Y,2026-01-01 13:48:42.233+05:30,,வீடு,0.00,A5/5715/2025,2026-01-27 00:00:00+05:30,C,,,,,,0,,
1,02,14,001,008,0065,2026/0159/02/000091,01,02,0000,407,0,,315/3pt,N,,,2,1,,,0,0,,0.00,,0,0,75.0,0.00,98375,,99,,TR.NO/2026/0159/02/000091-2026-03-03 11:53:32.122AS PER THE PROCEEDINGS BY REVENUE DIVISIONAL OFFICER CHENNAI CENTRAL DIVISION RC NO A5/9218/2025 DATED 02.02.2026,,,,,,,,,,N,N,2026-03-03 11:53:32.122+05:30,,,0.00,A5/9218/2025,2026-06-16 00:00:00+05:30,C,,,,,,0,,
1,02,14,001,001,0017,2026/0159/02/000092,01,02,0000,85,3,,149/pt,N,,,2,2,,,0,0,,0.00,,0,1,8.0,0.00,83850,,99,,TR.NO/2026/0159/02/000092-2026-03-03 12:09:48.815AS PER THE PROCEEDINGS BY REVENUE DIVISIONAL OFFICER CHENNAI CENTRAL DIVISION RC NO A5/6450/2023 DATED 28.01.2026,,,,,,,,,,N,N,2026-03-03 12:09:48.815+05:30,,,0.00,A5/6450/2023,2026-01-28 00:00:00+05:30,C,,,,,,0,,
1,02,14,001,007,0017,2026/0159/02/000119,01,02,0000,8,1,,268/2Apt,N,,,2,2,,,0,0,,0.00,,0,6,66.0,0.00,3549,,99,,TR.NO/2026/0159/02/000119-2026-03-17 12:57:30.271AS PER THE PEOCEEDINGS BY REVENUE DIVISIONAL OFFICER CHENNAI CENTRAL DIVISION PROC NO A5/9220/2025 DATED 27.02.2026,,,,,,,,,,N,N,2026-03-17 12:57:30.271+05:30,,,0.00,A5/9220/2025,2026-02-27 00:00:00+05:30,C,,,,,,0,,
1,02,14,001,008,0008,2026/0159/02/000131,01,02,0000,89,0,,124pt,N,,,2,1,,,0,0,,0.00,,0,21,68.0,0.00,98344,,99,,TR.NO/2026/0159/02/000131-2026-03-31 10:46:56.709AS PER PROCEEDING BY REVENUE DIVISIONAL OFFICER CHENNAI CENTRAL DIVISION PROC NO A5/338/2021 DATED 23.04.2025,,,,,,,,,,N,N,2026-03-31 10:46:56.709+05:30,,காலி இடம்,0.00,A5/338/2021,2026-04-23 00:00:00+05:30,C,,,,,,0,,
1,02,14,001,005,0041,2026/0159/02/000154,01,02,0000,38,0,,"336/2,3,336/1A1APT",N,,,2,1,,,0,0,,0.00,,0,3,6.0,0.00,104410,,99,,TR.NO/2026/0159/02/000154-2026-05-20 10:15:12.999Proceedings by Revenue Divisional Officer Chennai central division Proc No A5/6373/2023 Dated 20.01.2026,,,,,,,,,,N,N,2026-05-20 10:15:12.999+05:30,,வீடு,0.00,A5/6373/2023,2026-01-20 00:00:00+05:30,C,,,,,,0,,
1,02,14,001,008,0059,2026/0159/02/000155,01,02,0000,15,1,,"442,574,575",N,,,2,1,,,0,0,,0.00,,0,52,13.0,0.00,98380,,99,,TR.NO/2026/0159/02/000155-2026-05-20 10:35:35.282Proceedings by District Collector Chennai District proc No J7/24663/2020-16 Dated 08.02.2021,,,,,,,,,,N,N,2026-05-20 10:35:35.282+05:30,,,0.00,J7/24663/2020,2026-07-17 00:00:00+05:30,C,,,,,,0,,
1,02,14,001,002,0054,2026/0159/02/000257,03,02,0000,2,9,,,N,,,1,3,,,0,0,,0.00,,0,8,95.0,0.00,257,,99,,TR.NO/2026/0159/02/000257-2026-08-08 20:43:14.667As Per RDO Proceedings A5/4907/2026 DT:23.07.2026,,,,,,,,,,N,N,2026-08-08 20:43:14.667+05:30,,சாலை,0.00,,,,,,,,,0,,
1,02,14,001,002,0054,2026/0159/02/000258,03,02,0000,3,9,,240,N,,,1,3,,,0,0,,0.00,,0,6,96.0,0.00,258,,99,,TR.NO/2026/0159/02/000258-2026-08-08 20:47:54.416As Per RDO Proceedings No. A5/4907/2026 Dt:23.07.2026,,,,,,,,,,N,N,2026-08-08 20:47:54.416+05:30,,சாலை,0.00,,,,,,,,,0,,
1,02,14,001,002,0054,2026/0159/02/000259,03,02,0000,10,3,,"102/1,2PT",N,,,1,3,,,0,0,,0.00,,0,6,71.0,0.00,259,,99,,TR.NO/2026/0159/02/000259-2026-08-08 20:51:24.479As Per RDO Proceedings No.A5/4907/2026 Dt:23.07.2026,,,,,,,,,,N,N,2026-08-08 20:51:24.479+05:30,,சாலை,0.00,,,,,,,,,0,,
1,02,14,001,002,0054,2026/0159/02/000260,03,02,0000,11,12,,101,N,,,1,3,,,0,0,,0.00,,0,15,44.0,0.00,260,,99,,TR.NO/2026/0159/02/000260-2026-08-08 20:55:52.963As Per RDO Proceedings No. A5/4907/2026 Dt:23.07.2026,,,,,,,,,,N,N,2026-08-08 20:55:52.963+05:30,,சாலை,0.00,,,,,,,,,0,,
1,02,14,001,002,0054,2026/0159/02/000261,03,02,0000,12,5,,"133/2PT,136/PT,137/1PT",N,,,1,3,,,0,0,,0.00,,0,8,13.0,0.00,261,,99,,TR.NO/2026/0159/02/000261-2026-08-08 21:22:39.795As Per RDO Proceedings No. A5/4907/2026 Dt:23.07.206,,,,,,,,,,N,N,2026-08-08 21:22:39.795+05:30,,சாலை,0.00,,,,,,,,,0,,
1,02,14,001,002,0054,2026/0159/02/000262,03,02,0000,13,4,,134,N,,,1,3,,,0,0,,0.00,,0,7,49.0,0.00,262,,99,,TR.NO/2026/0159/02/000262-2026-08-08 21:25:45.594As Per RDO order A5/4907/2026 Dt:23.07.2026,,,,,,,,,,N,N,2026-08-08 21:25:45.594+05:30,,சாலை,0.00,,,,,,,,,0,,
1,02,14,001,002,0054,2026/0159/02/000263,03,02,0000,15,6,,"136pt,142pt,133/2pt,137/1pt",N,,,1,3,,,0,0,,0.00,,0,5,2.0,0.00,263,,99,,TR.NO/2026/0159/02/000263-2026-08-08 21:29:05.564As Per RDO order A5/4907/2026 Dt:23.07.2026,,,,,,,,,,N,N,2026-08-08 21:29:05.564+05:30,,சாலை,0.00,,,,,,,,,0,,
1,02,14,001,009,0019,2026/0160/02/000005,03,03,0000,49,7A,,256/2A1,N,,,2,2,,,7,0,8,7.09,,0,6,39.0,0.00,82101,,99,,TR.NO/2024/0172/02/015497-2024-12-24 11:10:58.094,,,,,,,,,,Y,Y,2026-01-06 16:06:40.629+05:30,,,0.00,A5/9222/2025,2026-01-06 00:00:00+05:30,C,satheesh_chn,,,,,0,,
1,02,14,001,009,0019,2026/0160/02/000006,03,03,0000,49,7B,,256/2A1,N,,,2,2,,,7,0,8,7.09,,0,4,51.0,0.00,82102,,99,,TR.NO/2024/0172/02/015499-2024-12-24 11:11:35.7632024/0153/02/016708TR DT. 2024-05-22,,,,,,,,,,Y,Y,2026-01-06 16:08:05.719+05:30,,,0.00,A5/9222/2025/Dt.05.01.2026,2026-01-06 00:00:00+05:30,C,satheesh_chn,,,,,0,,
1,02,14,001,009,0019,2026/0160/02/000007,03,03,0000,49,7C,,256/2A1,N,,,2,2,,,7,0,8,7.09,,0,0,48.0,0.00,82103,,99,,TR.NO/2024/0172/02/015500-2024-12-24 11:11:46.747,,,,,,,,,,Y,Y,2026-01-06 16:10:46.83+05:30,,,0.00,A5/9222/2025/Dt.05.01.2026,2026-01-06 00:00:00+05:30,C,satheesh_chn,,,,,0,,
1,02,14,001,009,0019,2026/0160/02/000008,03,03,0000,49,8,,256/2A1,N,,,2,2,,,7,0,8,7.09,,0,5,2.0,0.00,82104,,99,,TR.NO/2024/0172/02/015502-2024-12-24 11:12:15.023,,,,,,,,,,Y,Y,2026-01-06 16:11:49.087+05:30,,,0.00,A5/9222/2025/Dt.05.01.2026,2026-01-06 00:00:00+05:30,C,satheesh_chn,,,,,0,,
1,02,14,001,005,0027,2026/0160/02/000009,03,03,0000,84,0,,385/1,N,,,1,3,,,0,0,,0.00,,0,54,95.0,0.00,0,,99,குளம் பிளாட்,TR.NO/2025/0172/02/016806-2025-05-23 12:25:57.637,,,,,,,,,,Y,Y,2026-01-08 13:14:13.834+05:30,,காலிநிலம்,0.00,J13/1660111/2024,2026-01-07 00:00:00+05:30,C,rashmi_s,,,,,0,,
1,02,14,001,005,0041,2026/0160/02/000020,03,03,0009,38,1,,"336/2,3,336/1A1A1PT",N,,,2,1,,,7,0,7,8.65,,0,0,66.0,0.00,100117,,99,,TR.NO/2025/0172/02/033872-2025-10-04 20:29:08.4872018/01/01/000887SD DT. 2018-04-13 15:12:22.131,,,,,,,,,,N,N,2026-02-13 10:37:34.55+05:30,,1.மாடிவீடு,0.00,A5/6373/2023,2026-01-20 00:00:00+05:30,C,satheesh_chn,,,,,0,,
1,02,14,001,005,0041,2026/0160/02/000021,03,03,0009,38,2,,"336/2,3 336/1A1A1PT",N,,,2,1,,,7,0,7,8.65,,0,1,31.0,0.00,100118,,99,,TR.NO/2025/0172/02/033873-2025-10-04 20:30:26.1532019/0153/02/003055TR DT. 2019-06-08,,,,,,,,,,N,N,2026-02-13 10:40:12.397+05:30,,,0.00,A5/6373/2023,2026-01-20 00:00:00+05:30,C,satheesh_chn,,,,,0,,
1,02,14,001,005,0041,2026/0160/02/000022,03,03,0009,38,3,,"336/2,3,336/1A1A1PT",Y,,,2,1,,,7,0,7,8.65,,0,0,65.0,0.00,100119,,99,,TR.NO/2025/0172/02/033874-2025-10-04 20:31:36.0962018/01/01/000887SD DT. 2018-04-13 15:12:22.131,,,,,,,,,,N,N,2026-02-13 10:41:23.237+05:30,,1.மாடிவீடு,0.00,A5/6373/2023,2026-01-20 00:00:00+05:30,C,satheesh_chn,,,,,0,,
1,02,14,001,001,0029,2026/0158/02/000639,01,04,0000,8,1,,27/3A2,0,,,2,2,  ,,7,3 , 5,1.25,,0,2,15.0,0.00,4624,,99,--,-,,,,,,,,,,N,N,2026-05-18 17:28:49.325+05:30,,வீடு,0.00,,,C,,,,,,0,,
1,02,14,001,001,0020,2026/0158/02/000869,03,01,0000,84,0,,121/13A PT, ,,7,1,2,,,8,2 ,5,1.87,,0,5,0.0,0.00,2999,,99,-,TR.NO/2026/0158/02/000869-2026-05-25 18:50:06.042   As per proceedings by District Collector Chennai District Proc no J13/4016111/2025 dated 19.05.2026 and Assistant of Urban land tax ambattur zone letter no 1065/2022/A dated 07.11.2022 and 1064/2022/A dated 07.11.2022,,,,,,,,,,Y,N,2026-05-25 18:50:06.042+05:30,,கூரை வீடு,0.00,District Collector Chennai District Proc no J13/4016111/2025 dated 19.05.2026,2026-05-19 00:00:00+05:30,C,,,,,,0,,
1,02,14,001,001,0020,2026/0158/02/000869,03,04,0000,84,0,,121/13A PT, ,,7,1,2,0,,8,2 ,5,1.87,,0,4,60.0,0.00,2999,,99,-,TR.NO/2025/0158/02/001817-2025-08-05 17:25:27.446   As per Assistant Commissioners Office ULC Ambattur Zone Poonamallee Chennai - 56 Letter R.C.No.1064/2022/B and RC.No.1065/2022/B- Dated: 07.11.2022 and Director Land Survey and Land Tax Chepauk Chennai - 5 Letter No.A2/19743/2024 Dated:23-08-2024,,,,,,,,,,Y,N,2026-05-25 18:50:06.042+05:30,,கூரை வீடு,0.00,,,C,,,,,,0,,
1,02,14,001,001,0013,2026/0158/02/000905,03,01,0000,22,0,,"103/5AB PT,6A1A1 PT", ,,,1,2,,,7,3 ,5,11.50,,0,2,36.0,0.00,1969,,99,,TR.NO/2026/0158/02/000905-2026-06-12 17:29:07.631   COMMISSIONER OF URBAN LAND CEILING AND URBAN LAND TAX PROC NO.9281/2021/J3 DATED.09.02.2022,,,,,,,,,,Y,N,2026-06-12 17:29:07.631+05:30,,வீடு,0.00,,,,,,,,,3,,
1,02,14,001,001,0013,2026/0158/02/000905,03,04,0000,22,0,,"103/5AB PT,6A1A1 PT",0,,,1,B,  ,,7,3 ,5 ,11.50,,0,2,36.0,0.00,1969,,99,,,,,,,,,,,,Y,N,2026-06-12 17:29:07.631+05:30,,வீடு,0.00,,,,,,,,,3,,
1,02,14,001,001,0013,2026/0158/02/000906,03,01,0000,24,0,,103/5A1A PT, ,,,1,2,,,7,3 ,5,11.50,,0,2,23.0,0.00,1971,,99,,TR.NO/2026/0158/02/000906-2026-06-13 13:23:33.76   commissioner of urban land ceiling and urban land tax Proc No.9278/2021/J3 dated.09.02.2022,,,,,,,,,,Y,N,2026-06-13 13:23:33.76+05:30,,வீடு,0.00,,,,,,,,,3,,
1,02,14,001,001,0013,2026/0158/02/000906,03,04,0000,24,0,,103/5A1A PT,0,,,1,B,  ,,7,3 ,5 ,11.50,,0,2,23.0,0.00,1971,,99,,,,,,,,,,,,Y,N,2026-06-13 13:23:33.76+05:30,,வீடு,0.00,,,,,,,,,3,,
1,02,14,001,001,0003,2026/0158/02/000924,03,01,0000,118,0,,51/1A1, ,,-,2,1,0,,7,3 ,7,3.50,,0,9,79.0,0.00,841,,99,-,TR.NO/2026/0158/02/000924-2026-06-22 11:23:05.202   As per collector Proceedings chennai district Proc.No.J8/4678/2023 and Tahsildar ambattur taluk Proc.No.C2/005/2026,,,,,,,,,,Y,N,2026-06-22 11:23:05.202+05:30,,காலி மனை,0.00,,,,,,,,,0,,
1,02,14,001,001,0003,2026/0158/02/000924,03,04,0000,118,0,,51/1A1,0,,-,1,1,0,,7,3 ,7 ,3.50,,0,9,79.0,0.00,841,,99,-,-,,,,,,,,,,Y,N,2026-06-22 11:23:05.202+05:30,,காலி மனை,0.00,,,,,,,,,0,,
1,02,14,001,001,0055,2026/0158/02/001060,03,01,0005,46,34,,156/6, ,,,2,1,,,7,2 ,6,4.00,,0,1,40.0,0.00,68760,,99,,TR.NO/2026/0158/02/001060-2026-08-20 12:44:29.805   Proceedings by Revenue Divisional Officer Chennai Central Division Proc No A5/6281/2025 Dated 03.08.2026,,,,,,,,,,N,N,2026-08-20 12:44:29.805+05:30,,காலிமனை,0.00,,,,,,,,,0,,
1,02,14,001,001,0055,2026/0158/02/001060,03,04,0005,46,34,,155/3155/4155/5155/2PT155/6155/7155/8155/9155/10, ,,,2,1,0,,7,2 ,6 ,4.00,,0,1,40.0,0.00,68760,,99,,2018/01/01/001277SD DT. 2018-08-14 12:32:34.698,,,,,,,,,,N,N,2026-08-20 12:44:29.805+05:30,,காலிமனை,0.00,,,,,,,,,0,,
1,02,14,001,001,0012,2026/0158/02/001062,03,01,0000,20,0,,125/1B, ,,7/4,1,2,,,7,3 ,5,1.85,,0,1,40.0,0.00,1826,,99,-,TR.NO/2026/0158/02/001062-2026-08-20 17:07:23.269   Proceedings by Commissioner of Urban Land ceiling and Urban Land Tax Proc No J3/0462/2021 Dated 15.03.2021,,,,,,,,,,Y,N,2026-08-20 17:07:23.269+05:30,,வீடு,0.00,,,,,,,,,3,,
1,02,14,001,001,0012,2026/0158/02/001062,03,04,0000,20,0,,125/1B,1,,7/4,1,B,  ,,7,3 ,5 ,1.85,,0,1,40.0,0.00,1826,,99,-,-,,,,,,,,,,Y,N,2026-08-20 17:07:23.269+05:30,,வீடு,0.00,,,,,,,,,3,,
1,02,14,001,001,0013,2026/0158/02/001574,03,01,0000,2,0,,103/5A1APT, ,,,1,1,,,7,3 ,5,11.50,,0,2,46.0,0.00,1945,,99,,TR.NO/2026/0158/02/001574-2026-09-01 12:55:05.28   As per the Proceedings by Additional Chief Secretary/Commissioner of ULT and ULC Proc No J3/4168/2016 dated 14.06.2022,,,,,,,,,,Y,N,2026-09-01 12:55:05.28+05:30,,வீடு,0.00,,,,,,,,,3,,
1,02,14,001,001,0013,2026/0158/02/001574,03,04,0000,2,0,,103/5A1APT,1,,,1,B,  ,,7,3 ,5 ,11.50,,0,2,46.0,0.00,1945,,99,,,,,,,,,,,,Y,N,2026-09-01 12:55:05.28+05:30,,வீடு,0.00,,,,,,,,,3,,
1,02,14,001,001,0003,2026/0158/02/001804,03,01,0000,161,0,,53/15PT, ,,,1,1,,,7,,6,4.00,,0,6,15.0,0.00,903,,99,,TR.NO/2026/0158/02/001804-2026-09-08 17:05:13.421   Proceeding by Commissioner of Land Reforms Proc No J2/1788/2026 dated 09.03.2026,,,,,,,,,,Y,Y,2026-09-08 17:05:13.421+05:30,,காலிமனை,0.00,,,,,,,,,3,,
1,02,14,001,001,0003,2026/0158/02/001804,03,04,0000,161,0,,53/15PT,N,,,1,B,0,,7,,6,4.00,,0,6,15.0,0.00,903,,99,தீ.ஏ.நஞ்சை.தரிசு,-,,,,,,,,,,Y,Y,2026-09-08 17:05:13.421+05:30,,காலிமனை,0.00,,,,,,,,,3,,
1,02,14,001,001,0005,2026/0158/02/001829,03,01,0000,85,0,,79/2A1 PT, ,,,1,2,,,0,  ,,0.00,,0,2,30.0,0.00,1185,,99,-,TR.NO/2026/0158/02/001829-2026-09-17 18:25:21.013   As per Proceedings by Commissioner of ULT and ULC Proc No J2/486/2016 dated 14.07.2026,,,,,,,,,,Y,N,2026-09-17 18:25:21.013+05:30,,காலி மனை,0.00,,,,,,,,,3,,
1,02,14,001,001,0005,2026/0158/02/001829,03,04,0000,85,0,,79/2A1 PT,0,,,1,B,  ,,0,  ,  ,0.00,,0,2,30.0,0.00,1185,,99,-,-,,,,,,,,,,Y,N,2026-09-17 18:25:21.013+05:30,,காலி மனை,0.00,,,,,,,,,3,,
1,02,14,001,001,0027,2026/0158/02/001833,03,01,0000,65,0,,25/1PT, ,,,1,2,,,7,3 ,5,1.87,,0,2,16.0,0.00,4399,,99,-,TR.NO/2026/0158/02/001833-2026-09-18 14:48:05.717   Director of ULC and ULT Proc No J3/1268/2009 dated 11.05.2010,,,,,,,,,,Y,N,2026-09-18 14:48:05.717+05:30,,-,0.00,,,,,,,,,3,,
1,02,14,001,001,0027,2026/0158/02/001833,03,04,0000,65,0,,25/1PT,1,,,1,B,  ,,7,3 ,5 ,1.87,,0,2,16.0,0.00,4399,,99,-,-,,,,,,,,,,Y,N,2026-09-18 14:48:05.717+05:30,,-,0.00,,,,,,,,,3,,
1,02,14,001,001,0005,2026/0158/02/001836,03,01,0000,52,0,,78/4A PT, ,,,1,2,,,7,,7,0.00,,0,3,37.0,0.00,1140,,99,-,TR.NO/2026/0158/02/001836-2026-09-21 09:32:53.202   Proceedings by Commissioner of ULC and ULT Proc No J2/4339/2025 dated 20.07.2026,,,,,,,,,,Y,Y,2026-09-21 09:32:53.202+05:30,,காலி மனை,0.00,,,,,,,,,3,,
1,02,14,001,001,0005,2026/0158/02/001836,03,04,0000,52,0,,78/4A PT,N,,,1,B,0,,7,,7,0.00,,0,3,37.0,0.00,1140,,99,-,-,,,,,,,,,,Y,Y,2026-09-21 09:32:53.202+05:30,,காலி மனை,0.00,,,,,,,,,3,,
1,02,14,001,001,0026,2026/0158/02/000002,01,04,0000,137,0,,21/3A1A1A1 PT,N,,24,2,2,0,,7,,5,1.87,,0,2,32.0,0.00,4295,,99,,TR.NO/2020/0167/02/002723-2020-09-09 16:06:51.121 Settlement File No : 2138/2020 Settlement Approval Date : 2020-03-02,,,,,,,,,,Y,Y,2026-01-01 13:48:42.233+05:30,,வீடு,0.00,,,C,,,,,,0,,
1,02,14,001,001,0026,2026/0158/02/000003,01,01,0000,138,0,,21/3A1A1B PT, ,,25,2,2,,,7,3 ,5,1.87,,0,2,35.0,0.00,4296,,99,,TR.NO/2026/0158/02/000003-2026-01-01 13:51:51.349   AS PER PROCEEDINGS BY THE REVENUE DIVISIONAL OFFICER CENTRAL CHENNAI DIVISION RC NO  A5/5715/2025 DATED 09.10.2025,,,,,,,,,,N,N,2026-01-01 13:51:51.349+05:30,,வீடு,0.00,A5/5715/2025,2026-01-27 00:00:00+05:30,C,,,,,,0,,
1,02,14,001,001,0026,2026/0158/02/000003,01,04,0000,138,0,,21/3A1A1B PT,0,,25,2,2,  ,,7,3 ,5 ,1.87,,0,2,35.0,0.00,4296,,99,,,,,,,,,,,,N,N,2026-01-01 13:51:51.349+05:30,,வீடு,0.00,,,C,,,,,,0,,
1,02,14,001,001,0026,2026/0158/02/000004,01,01,0000,139,0,,21/3A1A1B PT, ,,26,2,2,,,7,3 ,5,1.87,,0,3,49.0,0.00,4297,,99,,TR.NO/2026/0158/02/000004-2026-01-01 13:54:04.357   AS PER PROCEEDINGS BY THE REVENUE DIVISIONAL OFFICER CENTRAL CHENNAI DIVISION RC NO  A5/5715/2025 DATED 09.10.2025,,,,,,,,,,N,N,2026-01-01 13:54:04.357+05:30,,வீடு,0.00,A5/5715/2025,2026-01-27 00:00:00+05:30,C,,,,,,0,,
1,02,14,001,001,0026,2026/0158/02/000004,01,04,0000,139,0,,21/3A1A1B PT,0,,26,2,2,  ,,7,3 ,5 ,1.87,,0,3,49.0,0.00,4297,,99,,,,,,,,,,,,N,N,2026-01-01 13:54:04.357+05:30,,வீடு,0.00,,,C,,,,,,0,,
1,02,14,001,001,0026,2026/0158/02/000005,01,01,0000,140,0,,21/3A1B, ,,27,2,2,,,7,3 ,5,1.87,,0,3,75.0,0.00,4298,,99,,TR.NO/2026/0158/02/000005-2026-01-01 13:56:16.645   AS PER PROCEEDINGS BY THE REVENUE DIVISIONAL OFFICER CENTRAL CHENNAI DIVISION RC NO  A5/5715/2025 DATED 09.10.2025,,,,,,,,,,N,N,2026-01-01 13:56:16.645+05:30,,வீடு,0.00,A5/5715/2025,2026-01-27 00:00:00+05:30,C,,,,,,0,,
1,02,14,001,001,0026,2026/0158/02/000005,01,04,0000,140,0,,21/3A1B,0,,27,2,2,  ,,7,3 ,5 ,1.87,,0,3,75.0,0.00,4298,,99,,,,,,,,,,,,N,N,2026-01-01 13:56:16.645+05:30,,வீடு,0.00,,,C,,,,,,0,,
1,02,14,001,001,0026,2026/0158/02/000006,01,01,0000,141,0,,21/3A1C, ,,28,2,2,0,,7,,5,1.87,,0,3,58.0,0.00,4299,,99,,TR.NO/2026/0158/02/000006-2026-01-01 13:58:20.412   AS PER PROCEEDINGS BY THE REVENUE DIVISIONAL OFFICER CENTRAL CHENNAI DIVISION RC NO  A5/5715/2025 DATED 09.10.2025,,,,,,,,,,Y,Y,2026-01-01 13:58:20.412+05:30,,வீடு,0.00,A5/5715/2025,2026-01-27 00:00:00+05:30,C,,,,,,0,,
1,02,14,001,001,0026,2026/0158/02/000006,01,04,0000,141,0,,21/3A1C,N,,28,2,2,0,,7,,5,1.87,,0,3,58.0,0.00,4299,,99,,TR.NO/2022/0158/02/047801-2022-08-11 17:09:38.302   As per RDO Central Chennai division proceedings order R.c.No. 3784/2021/A1 Dated:- 10.08.2022,,,,,,,,,,Y,Y,2026-01-01 13:58:20.412+05:30,,வீடு,0.00,,,C,,,,,,0,,
1,02,14,001,001,0005,2026/0158/02/000063,03,01,0000,10,0,,"78/4A PT,78/9A PT", ,,,1,1,,,7,3 ,6,0.00,,0,2,69.0,0.00,1072,,99,-,TR.NO/2026/0158/02/000063-2026-01-23 18:03:03.603   AS PER THE PROCEEDINGS BY COMMISSIONER OF URBAN LAND CEILING AND URBAN LAND TAX RC NO 3782/2016/J3 DATED 01.11.2021,,,,,,,,,,Y,N,2026-01-23 18:03:03.603+05:30,,காலி மனை,0.00,,,C,,,,,,3,,
1,02,14,001,001,0005,2026/0158/02/000063,03,04,0000,10,0,,"78/4A PT,78/9A PT",N,,,1,B,  ,,7,3 ,6 ,0.00,,0,2,69.0,0.00,1072,,99,-,-,,,,,,,,,,Y,N,2026-01-23 18:03:03.603+05:30,,காலி மனை,0.00,,,C,,,,,,3,,
1,02,14,001,001,0009,2026/0158/02/000477,03,01,0000,38,0,,89/2B1 PT, ,,,2,5,,,0,  ,,0.00,,0,10,12.0,0.00,1659,,99,-,TR.NO/2026/0158/02/000477-2026-03-06 12:02:49.394   AS PER THE PROCEEDINGS BY DISTRICT COLLECTOR CHENNAI DISTRICT RC NO J13/2925340/2025 DATED 18.02.2026,,,,,,,,,,Y,N,2026-03-06 12:02:49.394+05:30,,அரசுமேய்க்கால்தரிசு,0.00,,,C,,,,,,0,,
1,02,14,001,001,0009,2026/0158/02/000477,03,04,0000,38,0,,89/2B1 PT,N,,,1,3,  ,,0,  ,  ,0.00,,0,10,12.0,0.00,1659,,99,-,-,,,,,,,,,,Y,N,2026-03-06 12:02:49.394+05:30,,அரசுமேய்க்கால்தரிசு,0.00,,,C,,,,,,0,,
1,02,14,001,001,0008,2026/0158/02/000583,01,01,0000,10/3,0,,94/3C, ,,,2,2,,,7,,6,0.00,,0,3,17.0,0.00,1609,,99,-,TR.NO/2026/0158/02/000583-2026-04-11 12:14:19.857   AS PER THE PROCEEDINGS BY THE REVENUE DIVISIONAL OFFICER CHENNAI CENTRAL ZONE PROC NO A5/8835/2025 DATED 05.03.2026,,,,,,,,,,Y,Y,2026-04-11 12:14:19.857+05:30,,-,0.00,A5/8835/2025,2026-06-15 00:00:00+05:30,C,,,,,,0,,
1,02,14,001,001,0008,2026/0158/02/000583,01,04,0000,10/3,0,,94/3C,N,,,2,2,0,,7,,6,0.00,,0,3,17.0,0.00,1609,,99,-,-,,,,,,,,,,Y,Y,2026-04-11 12:14:19.857+05:30,,-,0.00,,,C,,,,,,0,,
1,02,14,001,001,0005,2026/0158/02/000594,03,01,0000,21,0,,"78/12A PT,12B PT", ,,,1,3,,,7,,7,8.64,,0,2,27.0,0.00,1088,,99,-,TR.NO/2026/0158/02/000594-2026-05-08 17:07:36.276   AS PER PROCEEDINGS BY ADDITIONAL CHIEF SECRETARY/ COMMISSIONER URBAN LAND CEILING AND URBAN LAND TAX PROC NO 4002/2018 DATED 08.03.2022,,,,,,,,,,Y,Y,2026-05-08 17:07:36.276+05:30,,காலி மனை,0.00,Proc.No. J3/4002/2018 Dated. 08.03.2022,2022-03-08 00:00:00+05:30,C,,,,,,0,,
1,02,14,001,001,0005,2026/0158/02/000594,03,04,0000,21,0,,"78/12A PT,12B PT",N,,,1,B,0,,7,,7,8.64,,0,2,27.0,0.00,1088,,99,-,-,,,,,,,,,,Y,Y,2026-05-08 17:07:36.276+05:30,,காலி மனை,0.00,,,C,,,,,,3,,
1,02,14,001,001,0005,2026/0158/02/000606,03,01,0000,10,0,,"78/4A PT,78/9A PT", ,,,1,1,,,7,3 ,6,0.00,,0,2,69.0,0.00,1072,,99,-,TR.NO/2026/0158/02/000606-2026-05-13 11:38:06.594   AS PER THE PROCEEDINGS BY THE COMMISSIONER OF URBAN LAND CEILING AND URBAN LAND TAX PROC NO 3782/2016/J3 DATED 29.11.2021,,,,,,,,,,Y,N,2026-05-13 11:38:06.594+05:30,,காலி மனை,0.00,3782/2016/J3,2021-11-29 00:00:00+05:30,C,,,,,,0,,
1,02,14,001,001,0005,2026/0158/02/000606,03,04,0000,10,0,,"78/4A PT,78/9A PT",N,,,1,B,  ,,7,3 ,6 ,0.00,,0,2,69.0,0.00,1072,,99,-,-,,,,,,,,,,Y,N,2026-05-13 11:38:06.594+05:30,,காலி மனை,0.00,,,C,,,,,,3,,
1,02,14,001,001,0029,2026/0158/02/000639,01,01,0000,8,1,,27/3A2, ,,,2,2,,,7,3 ,5,1.25,,0,2,15.0,0.00,4624,,99,--,TR.NO/2026/0158/02/000639-2026-05-18 17:28:49.325   As per Proceedings by Revenue Divisional Officer Chennai central division Proc No A5/3318/2024 Dated 17.02.2026,,,,,,,,,,N,N,2026-05-18 17:28:49.325+05:30,,வீடு,0.00,A5/3318/2024,2026-05-21 00:00:00+05:30,C,,,,,,0,,
147683,02,14,001,001,0008,2026/0164/02/000007,02,01,,10/2,1,,94/3C,Y,,,1,3,,,7,4,6,0.00,,0,30,8.0,0.00,1608,,99,-,TR.NO/2025/0164/02/000076-2025-12-16 14:26:34.953,,,,,,,,,,Y,N,2026-01-22 19:31:28.902+05:30,,,0.00,,,C,,1608,,1,,0,,
1,02,14,001,001,0008,2026/0164/02/000007,02,04,,10/2,1,,94/3C,Y,,,1,3,0,,7,4 ,6,0.00,,0,33,17.0,0.00,1608,,99,-,TR.NO/2025/0164/02/000076-2025-12-16 14:26:34.953,,,,,,,,,,Y,N,2026-01-22 19:31:28.902+05:30,,,0.00,,,,,,,,15,0,,
147684,02,14,001,001,0008,2026/0164/02/000007,02,01,,10/2,2,,94/3C,Y,,,2,G,,,7,4,6,0.00,,0,3,9.0,0.00,1,,99,-,TR.NO/2025/0164/02/000076-2025-12-16 14:26:34.953,,,,,,,,,,Y,N,2026-01-22 19:31:28.902+05:30,,,0.00,,,C,,-,83815,1,,0,,
149007,02,14,001,001,0008,2026/0164/02/000024,01,01,,10/2,1,,94/3C,Y,,,1,3,,,7,4,6,0.00,,0,28,96.5,0.00,1608,,99,-,TR.NO/2026/0164/02/000022-2026-02-13 20:26:51.331,,,,,,,,,,Y,N,2026-02-18 15:18:10.065+05:30,,,0.00,0024,2026-02-24 00:00:00+05:30,C,,1608,,1,,0,,
1,02,14,001,001,0008,2026/0164/02/000024,03,04,,10/2,1,,94/3C,Y,,,1,3,0,,7,4 ,6,0.00,,0,30,8.0,0.00,1608,,99,-,TR.NO/2026/0164/02/000022-2026-02-13 20:26:51.331,,,,,,,,,,Y,N,2026-02-18 15:18:10.065+05:30,,,0.00,,,,,,,,,0,,
149008,02,14,001,001,0008,2026/0164/02/000024,01,01,,10/2,4,,94/3C,Y,,,2,G,,,7,4,6,0.00,,0,1,11.5,0.00,1,,99,-,TR.NO/2026/0164/02/000022-2026-02-13 20:26:51.331,,,,,,,,,,Y,N,2026-02-18 15:18:10.065+05:30,,,0.00,0024,2026-02-24 00:00:00+05:30,C,,-,83838,1,,0,,
150539,02,14,001,001,0008,2026/0164/02/000044,01,01,,10/2,1,,94/3C,Y,,,1,3,,,7,4,6,0.00,,0,25,84.5,0.00,1608,,99,-,TR.NO/2026/0164/02/000024-2026-02-24 17:37:39.771,,,,,,,,,,Y,N,2026-03-16 11:39:31.884+05:30,,,0.00,044,2026-05-20 00:00:00+05:30,C,,1608,,1,,0,,
1,02,14,001,001,0008,2026/0164/02/000044,03,04,,10/2,1,,94/3C,Y,,,1,3,0,,7,4 ,6,0.00,,0,28,96.5,0.00,1608,,99,-,TR.NO/2026/0164/02/000024-2026-02-24 17:37:39.771,,,,,,,,,,Y,N,2026-03-16 11:39:31.884+05:30,,,0.00,,,,,,,,,0,,
150540,02,14,001,001,0008,2026/0164/02/000044,01,01,,10/2,5,,94/3C,Y,,,2,G,,,7,4,6,0.00,,0,3,12.0,0.00,1,,99,-,TR.NO/2026/0164/02/000024-2026-02-24 17:37:39.771,,,,,,,,,,Y,N,2026-03-16 11:39:31.884+05:30,,,0.00,044,2026-05-20 00:00:00+05:30,C,,-,83903,1,,0,,
154254,02,14,001,001,0021,2026/0164/02/000060,01,01,0000,80/2,0,,124/7APT,N,,,2,G,,,0,,,0.00,,0,1,51.0,0.00,1,,99,,,,,,,,,,,,Y,N,2026-05-21 18:24:55.722+05:30,,,0.00,060,2026-05-26 00:00:00+05:30,C,,-,83923,0,,0,,
1,02,14,001,001,0021,2026/0164/02/000060,03,04,0000,80/2,0,,124/7APT,N,,,1,3,  ,,0,  ,  ,0.00,,0,1,51.0,0.00,3227,,99,,,,,,,,,,,,Y,N,2026-05-21 18:24:55.722+05:30,,,0.00,,,,,,,,,0,,
154308,02,14,001,001,0009,2026/0164/02/000061,01,01,0000,64,0,,103/5A1A1A PT, ,,,2,G,,,7,3,5,4.62,,0,1,67.0,0.00,1,,99,கூடுதல் தலைமை செயலர் / ஆணையர் நகர்ப்புற நில உச்சவரம்பு மற்றும் நகர்ப்புற நிலவரி அவர்களின் செயல்முறை ஆணை எண்.ஜே3 /5142/.2022 நாள் : 02.08.2022,TR.NO/2025/0158/02/002670-2025-10-09 18:47:06.279   TR.NO/2024/0158/02/061750-2024-02-12 16:42:27.07   As per CLA Proceedings Order Rc No.A2-27831-2023 Dated: 22.12.2023,,,,,,,,,,Y,N,2026-05-22 15:41:04.788+05:30,,-,0.00,0061,2026-06-11 00:00:00+05:30,C,,-,83947,0,,0,,
154491,02,14,001,001,0016,2026/0164/02/000063,01,01,0000,58,4,,138/3 PT, ,,,2,G,,,0,,,0.00,,0,1,61.0,0.00,1,,99,,TR.NO/2025/0158/02/003112-2025-12-27 11:25:47.787   AS PER PROCEEDINGS BY ADDITIONAL CHIEF SECRETARY/COMMISSIONER OF LAND REFORMS RC NO J2/5499/2025 DATED 18.11.2025,,,,,,,,,,N,N,2026-05-27 10:42:30.147+05:30,,,0.00,063,2026-06-16 00:00:00+05:30,C,,-,83958,2A,,0,,
1,02,14,001,001,0009,2026/0164/02/000061,03,04,0000,64,0,,103/5A1A1A PT, ,,,1,2,0,,7,3 ,5,4.62,,0,1,67.0,0.00,1694,,99,கூடுதல் தலைமை செயலர் / ஆணையர் நகர்ப்புற நில உச்சவரம்பு மற்றும் நகர்ப்புற நிலவரி அவர்களின் செயல்முறை ஆணை எண்.ஜே3 /5142/.2022 நாள் : 02.08.2022,TR.NO/2025/0158/02/002670-2025-10-09 18:47:06.279   TR.NO/2024/0158/02/061750-2024-02-12 16:42:27.07   As per CLA Proceedings Order Rc No.A2-27831-2023 Dated: 22.12.2023,,,,,,,,,,Y,N,2026-05-22 15:41:04.788+05:30,,-,0.00,,,,,,,,,0,,
1,02,14,001,001,0013,2026/0164/02/000062,03,04,0000,23,0,,"103/5A4,5A6,5A7", ,,,1,2,0,,7,3 ,5,11.50,,0,6,53.0,0.00,1970,,99,,TR.NO/2025/0158/02/003104-2025-12-24 18:07:34.058   AS PER PROCEEDINGS BY DIRECTOR OF URBAN LAND CEILING AND URBAN LAND TAX RC NO 16975/2008/J3 DATED 19.03.2010,,,,,,,,,,Y,N,2026-05-22 17:54:25.346+05:30,,காலிமனை,0.00,,,,,,,,,0,,
154321,02,14,001,001,0013,2026/0164/02/000062,01,01,0000,23,1,,"103/5A4,5A6,5A7", ,,,1,3,,,7,3,5,11.50,,0,2,16.5,0.00,1970,,99,,TR.NO/2025/0158/02/003104-2025-12-24 18:07:34.058   AS PER PROCEEDINGS BY DIRECTOR OF URBAN LAND CEILING AND URBAN LAND TAX RC NO 16975/2008/J3 DATED 19.03.2010,,,,,,,,,,Y,N,2026-05-22 17:54:25.346+05:30,,காலிமனை,0.00,0062,2026-06-11 00:00:00+05:30,C,,1970,,0,,0,,
15152,02,14,001,001,0003,2026/0162/02/015152,03,01,0001,12,1,,71/3B,N,,-,2,2,,,7,0,5,1.25,,0,1,58.0,0.00,689,,6,-,2025/0153/02/065177TR DT. 2025-12-28,,,,,,,,,,Y,Y,2026-01-02 12:55:47.193+05:30,,தளம் வீடு,0.00,15152/2025,2026-01-20 00:00:00+05:30,C,,,,,,0,,
15152,02,14,001,001,0003,2026/0162/02/015152,03,04,0000,12,1,,71/3B,0,,,2,2,  ,,7,3 ,5 ,1.25,,0,1,58.0,0.00,689,,6,-,2025/0153/02/065177TR DT. 2025-12-28,,,,,,,,,,N,N,2026-01-02 12:55:47.193+05:30,,காலி இடம்,0.00,,,C,,,,,,0,,
15257,02,14,001,001,0039,2026/0162/02/015257,03,01,0006,49,2,,"42/6A2BPT,6A2APT",N,,-,2,2,,,7,0,5,1.25,,0,1,38.0,0.00,72208,,99,,2025/0153/02/029893TR DT. 2025-06-09,,,,,,,,,,Y,Y,2026-01-12 15:52:35.466+05:30,,காலி மனை,0.00,015257/2025,2026-01-12 00:00:00+05:30,C,,,,,,0,,
15257,02,14,001,001,0039,2026/0162/02/015257,03,04,0006,49,2,,"42/6A2BPT,6A2APT",0,,33/3,2,2,0,,7,3 ,5 ,1.25,,0,1,38.0,0.00,72208,,99,,2025/0153/02/029893TR DT. 2025-06-09,,,,,,,,,,N,N,2026-01-12 15:52:35.466+05:30,,காலி மனை,0.00,,,C,,,,,,0,,
15269,02,14,001,001,0003,2026/0162/02/015269,03,01,0000,44,1,,73/14,N,,-,2,2,,,7,0,5,1.25,,0,1,6.0,0.00,728,,99,-,2025/0153/02/064286TR DT. 2025-12-21,,,,,,,,,,Y,Y,2026-01-13 15:51:59.221+05:30,,காலி மனை ,0.00,15269/2025,2026-01-20 00:00:00+05:30,C,,,,,,0,,
15269,02,14,001,001,0003,2026/0162/02/015269,03,04,0000,44,1,,73/14,0,,-,2,2,  ,,7,3 ,5 ,1.25,,0,1,6.0,0.00,728,,99,-,2025/0153/02/064286TR DT. 2025-12-21,,,,,,,,,,N,N,2026-01-13 15:51:59.221+05:30,,காலி மனை வட்ட கிணறு,0.00,,,C,,,,,,0,,
15454,02,14,001,001,0034,2026/0162/02/015454,03,01,0000,71,0,,603/1D3,N,,-,2,2,,,8,0,5,3.09,,0,3,27.0,0.00,5271,,99,-,-,,,,,,,,,,Y,Y,2026-01-31 15:56:13.14+05:30,,தளம்,0.00,00,2026-02-03 00:00:00+05:30,C,,,,,,0,,
15454,02,14,001,001,0034,2026/0162/02/015454,03,04,0000,71,0,,603/1D3,N,,,2,2,0,,8,,5,3.09,,0,3,27.0,0.00,5271,,99,-,-,,,,,,,,,,Y,Y,2026-01-31 15:56:13.14+05:30,,தளம்,0.00,,,C,,,,,,0,,
15482,02,14,001,001,0055,2026/0162/02/015482,03,01,0002,4,2,,158/2A1APT,N,,-,2,1,0,,7,0,6,4.00,,0,1,11.5,0.00,83654,,6,-,"Approved14-10-2025, 12:00:00",,,,,,,,,,Y,Y,2026-02-03 12:48:07.648+05:30,,வீடு ,0.00,00,2025-10-14 00:00:00+05:30,C,,,,,,0,,
15482,02,14,001,001,0055,2026/0162/02/015482,03,04,0000,4,2,,158/2A1APT,0,,,2,1,0,,7,2 ,6 ,4.00,,0,1,11.5,0.00,83654,,6,-,"Approved14-10-2025, 12:00:00",,,,,,,,,,N,N,2026-02-03 12:48:07.648+05:30,,காலிமனை,0.00,,,C,,,,,,0,,
15489,02,14,001,001,0027,2026/0162/02/015489,03,01,0009,39,3,,21/19PT,N,,16A,2,1,0,,7,0,7,3.50,,0,1,14.5,0.00,83741,,6,-,"Approved12-12-2025, 12:00:00",,,,,,,,,,Y,Y,2026-02-03 16:13:07.998+05:30,,வீடூ,0.00,000,2025-12-12 00:00:00+05:30,C,,,,,,0,,
15489,02,14,001,001,0027,2026/0162/02/015489,03,04,0005,39,3,,21/19PT,1,,,2,1,0,,7,3 ,7 ,3.50,,0,1,14.5,0.00,83741,,6,-,"Approved12-12-2025, 12:00:00",,,,,,,,,,N,N,2026-02-03 16:13:07.998+05:30,,வீடூ,0.00,,,C,,,,,,0,,
15828,02,14,001,001,0052,2026/0162/02/015828,03,01,0010,27,0,,"179/5A1A1A1A3PT,182/2PT",N,,17/9,2,2,,,7,0,5,1.87,,0,2,67.0,0.00,7929,,99,-,2024/0153/02/032623TR DT. 2024-07-29 2026/0153/02/008292TR DT. 2026-02-28 2026/0153/02/008564TR DT. 2026-03-08,,,,,,,,,,Y,Y,2026-03-09 11:34:01.006+05:30,,வீடு,0.00,015828,2026-05-20 00:00:00+05:30,C,,,,,,0,,
15828,02,14,001,001,0052,2026/0162/02/015828,03,04,0001,27,0,,"179/5A1A1A1A3PT,182/2PT",0,,8/67,2,2,  ,,7,3 , 5,1.87,,0,2,67.0,0.00,7929,,99,-,2024/0153/02/032623TR DT. 2024-07-29 2026/0153/02/008292TR DT. 2026-02-28 2026/0153/02/008564TR DT. 2026-03-08,,,,,,,,,,N,N,2026-03-09 11:34:01.006+05:30,,வீடு,0.00,,,C,,,,,,0,,
15879,02,14,001,001,0025,2026/0162/02/015879,03,01,0002,115,12,,"18/1B PT.5 PT,4 PT",N,,14,2,1,,,7,0,7,3.50,,0,2,43.0,0.00,83807,,6,,"APPROVED BASED ON SIS ENQUIRY REPORT AND SUBMITTED DOCUMENTS05-02-2026, 12:00:00",,,,,,,,,,Y,Y,2026-03-16 12:37:27.396+05:30,,வீடு,0.00,015837 ,2026-05-20 00:00:00+05:30,C,,,,,,0,,
15879,02,14,001,001,0025,2026/0162/02/015879,03,04,0007,115,12,,"18/1B PT.5 PT,4 PT",N,,,2,1,0,,7,,7,3.50,,0,2,43.0,0.00,83807,,6,,"APPROVED BASED ON SIS ENQUIRY REPORT AND SUBMITTED DOCUMENTS05-02-2026, 12:00:00",,,,,,,,,,Y,Y,2026-03-16 12:37:27.396+05:30,,வீடு,0.00,,,C,,,,,,0,,
16851,02,14,001,001,0008,2026/0162/02/016851,03,01,0000,10/3,4,,94/3C,N,,-,2,2,,,7,0,6,0.00,,0,0,84.0,0.00,84041,,6,-,"Approved based on SIS Enquiry report and submitted documents....................................................................................................................................................................................05-08-2026, 12:00:00",,,,,,,,,,Y,Y,2026-08-06 16:01:19.103+05:30,, ,0.00,2026/0162/02/016851,2026-08-18 00:00:00+05:30,C,,,,,,0,,
16851,02,14,001,001,0008,2026/0162/02/016851,03,04,0000,10/3,4,,94/3C, ,,,2,2,0,,7,,6,0.00,,0,0,84.0,0.00,84041,,6,-,"Approved based on SIS Enquiry report and submitted documents....................................................................................................................................................................................05-08-2026, 12:00:00",,,,,,,,,,Y,Y,2026-08-06 16:01:19.103+05:30,,வீடு,0.00,,,C,,,,,,0,,
154322,02,14,001,001,0013,2026/0164/02/000062,01,01,0000,23,2,,"103/5A4,5A6,5A7", ,,,2,G,,,7,3,5,11.50,,0,2,20.0,0.00,1,,99,,TR.NO/2025/0158/02/003104-2025-12-24 18:07:34.058   AS PER PROCEEDINGS BY DIRECTOR OF URBAN LAND CEILING AND URBAN LAND TAX RC NO 16975/2008/J3 DATED 19.03.2010,,,,,,,,,,Y,N,2026-05-22 17:54:25.346+05:30,,காலிமனை,0.00,0062,2026-06-11 00:00:00+05:30,C,,-,83948,0,,0,,
154323,02,14,001,001,0013,2026/0164/02/000062,01,01,0000,23,3,,"103/5A4,5A6,5A7", ,,,1,3,,,7,3,5,11.50,,0,2,16.5,0.00,2,,99,,TR.NO/2025/0158/02/003104-2025-12-24 18:07:34.058   AS PER PROCEEDINGS BY DIRECTOR OF URBAN LAND CEILING AND URBAN LAND TAX RC NO 16975/2008/J3 DATED 19.03.2010,,,,,,,,,,Y,N,2026-05-22 17:54:25.346+05:30,,காலிமனை,0.00,0062,2026-06-11 00:00:00+05:30,C,,-,83949,0,,0,,
154490,02,14,001,001,0016,2026/0164/02/000063,01,01,0000,58,2A,,138/3 PT, ,,,1,3,,,0,,,0.00,,0,11,82.0,0.00,2372,,99,,TR.NO/2025/0158/02/003112-2025-12-27 11:25:47.787   AS PER PROCEEDINGS BY ADDITIONAL CHIEF SECRETARY/COMMISSIONER OF LAND REFORMS RC NO J2/5499/2025 DATED 18.11.2025,,,,,,,,,,N,N,2026-05-27 10:42:30.147+05:30,,,0.00,063,2026-06-16 00:00:00+05:30,C,,2372,,2A,,0,,
1,02,14,001,001,0016,2026/0164/02/000063,03,04,0000,58,2A,,138/3 PT, ,,,1,2,0,,0,  ,,0.00,,0,13,43.0,0.00,2372,,99,,TR.NO/2025/0158/02/003112-2025-12-27 11:25:47.787   AS PER PROCEEDINGS BY ADDITIONAL CHIEF SECRETARY/COMMISSIONER OF LAND REFORMS RC NO J2/5499/2025 DATED 18.11.2025,,,,,,,,,,N,N,2026-05-27 10:42:30.147+05:30,,,0.00,,,,,,,,,0,,
1,02,14,001,001,0009,2026/0164/02/000067,03,04,0000,38,0,,89/2B1 PT,N,,,1,3,  ,,0,  ,  ,0.00,,0,10,12.0,0.00,1659,,99,-,-,,,,,,,,,,Y,N,2026-06-03 12:33:15.377+05:30,,அரசுமேய்க்கால்தரிசு,0.00,,,,,,,,,0,,
154735,02,14,001,001,0009,2026/0164/02/000067,01,01,0000,38,1,,89/2B1 PT,N,,,1,3,,,0,,,0.00,,0,7,93.0,0.00,1659,,99,-,-,,,,,,,,,,Y,N,2026-06-03 12:33:15.377+05:30,,அரசுமேய்க்கால்தரிசு,0.00,0067,2026-06-09 00:00:00+05:30,C,,1659,,0,,0,,
154736,02,14,001,001,0009,2026/0164/02/000067,01,01,0000,38,2,,89/2B1 PT,N,,,2,G,,,0,,,0.00,,0,2,19.0,0.00,1,,99,-,-,,,,,,,,,,Y,N,2026-06-03 12:33:15.377+05:30,,அரசுமேய்க்கால்தரிசு,0.00,0067,2026-06-09 00:00:00+05:30,C,,-,83946,0,,0,,
155254,02,14,001,001,0008,2026/0164/02/000071,02,01,,10/2,1,,94/3C,Y,,,1,3,,,7,4,6,0.00,,0,24,70.5,0.00,1608,,99,-,TR.NO/2026/0164/02/000044-2026-05-20 15:58:29.907,,,,,,,,,,Y,N,2026-06-11 19:02:35.087+05:30,,,0.00,,,C,,1608,,1,,0,,
1,02,14,001,001,0008,2026/0164/02/000071,02,04,,10/2,1,,94/3C,Y,,,1,3,0,,7,4 ,6,0.00,,0,25,84.5,0.00,1608,,99,-,TR.NO/2026/0164/02/000044-2026-05-20 15:58:29.907,,,,,,,,,,Y,N,2026-06-11 19:02:35.087+05:30,,,0.00,,,,,,,,12,0,,
155255,02,14,001,001,0008,2026/0164/02/000071,02,01,,10/2,2,,94/3C,Y,,,2,G,,,7,4,6,0.00,,0,1,14.0,0.00,1,,99,-,TR.NO/2026/0164/02/000044-2026-05-20 15:58:29.907,,,,,,,,,,Y,N,2026-06-11 19:02:35.087+05:30,,,0.00,,,C,,-,84063,1,,0,,
155256,02,14,001,001,0008,2026/0164/02/000072,02,01,,13/2,1,,"90/7BPT,95/2",Y,,,1,3,,,7,3,5,1.50,,0,7,24.5,0.00,1611,,99,,TR.NO/2025/0164/02/000024-2025-06-17 17:46:32.327,,,,,,,,,,Y,N,2026-06-11 19:07:59.373+05:30,,,0.00,,,C,,1611,,1,,0,,
1,02,14,001,001,0008,2026/0164/02/000072,02,04,,13/2,1,,"90/7BPT,95/2",Y,,,1,3,0,,7,3 ,5,1.50,,0,9,47.5,0.00,1611,,99,,TR.NO/2025/0164/02/000024-2025-06-17 17:46:32.327,,,,,,,,,,Y,N,2026-06-11 19:07:59.373+05:30,,,0.00,,,,,,,,12,0,,
155257,02,14,001,001,0008,2026/0164/02/000072,02,01,,13/2,2,,"90/7BPT,95/2",Y,,,2,G,,,7,3,5,1.50,,0,2,23.0,0.00,1,,99,,TR.NO/2025/0164/02/000024-2025-06-17 17:46:32.327,,,,,,,,,,Y,N,2026-06-11 19:07:59.373+05:30,,,0.00,,,C,,-,84025,1,,0,,
1,02,14,001,001,0020,2026/0164/02/000085,03,04,0000,84,0,,121/13A PT, ,,7,1,2,0,,8,2 ,5,1.87,,0,5,0.0,0.00,2999,,99,-,TR.NO/2026/0158/02/000869-2026-05-25 18:50:06.042   As per proceedings by District Collector Chennai District Proc no J13/4016111/2025 dated 19.05.2026 and Assistant of Urban land tax ambattur zone letter no 1065/2022/A dated 07.11.2022 and 1064/2022/A dated 07.11.2022,,,,,,,,,,Y,N,2026-07-01 14:26:05.517+05:30,,கூரை வீடு,0.00,,,,,,,,,0,,
156149,02,14,001,001,0020,2026/0164/02/000085,01,01,0000,84,1,,121/13A PT, ,,7,1,3,,,8,2,5,1.87,,0,1,11.0,0.00,2999,,99,-,TR.NO/2026/0158/02/000869-2026-05-25 18:50:06.042   As per proceedings by District Collector Chennai District Proc no J13/4016111/2025 dated 19.05.2026 and Assistant of Urban land tax ambattur zone letter no 1065/2022/A dated 07.11.2022 and 1064/2022/A dated 07.11.2022,,,,,,,,,,Y,N,2026-07-01 14:26:05.517+05:30,,கூரை,0.00,85,2026-07-02 00:00:00+05:30,C,,2999,,0,,0,,
156150,02,14,001,001,0020,2026/0164/02/000085,01,01,0000,84,2,,121/13A PT, ,,7,2,G,,,8,2,5,1.87,,0,3,89.0,0.00,1,,99,-,TR.NO/2026/0158/02/000869-2026-05-25 18:50:06.042   As per proceedings by District Collector Chennai District Proc no J13/4016111/2025 dated 19.05.2026 and Assistant of Urban land tax ambattur zone letter no 1065/2022/A dated 07.11.2022 and 1064/2022/A dated 07.11.2022,,,,,,,,,,Y,N,2026-07-01 14:26:05.517+05:30,,கூரை,0.00,85,2026-07-02 00:00:00+05:30,C,,-,83983,0,,0,,
156202,02,14,001,001,0020,2026/0164/02/000086,01,01,,84,1,,121/13A PT, ,,7,2,G,,,8,2,5,1.87,,0,1,11.0,0.00,1,,99,-,TR.NO/2026/0164/02/000085-2026-07-02 17:05:24.911,,,,,,,,,,Y,N,2026-07-02 18:06:53.85+05:30,,கூரை,0.00,086,2026-07-03 00:00:00+05:30,C,,-,83985,1,,0,,
1,02,14,001,001,0020,2026/0164/02/000086,03,04,,84,1,,121/13A PT, ,,7,1,3,0,,8,2 ,5,1.87,,0,1,11.0,0.00,2999,,99,-,TR.NO/2026/0164/02/000085-2026-07-02 17:05:24.911,,,,,,,,,,Y,N,2026-07-02 18:06:53.85+05:30,,கூரை வீடு,0.00,,,,,,,,,0,,
1,02,14,001,001,0005,2026/0164/02/000091,03,04,0000,10,0,,"78/4A PT,78/9A PT", ,,,1,1,0,,7,3 ,6,0.00,,0,2,69.0,0.00,1072,,99,-,TR.NO/2026/0158/02/000606-2026-05-13 11:38:06.594   AS PER THE PROCEEDINGS BY THE COMMISSIONER OF URBAN LAND CEILING AND URBAN LAND TAX PROC NO 3782/2016/J3 DATED 29.11.2021,,,,,,,,,,Y,N,2026-07-21 17:54:42.723+05:30,,காலி மனை,0.00,,,,,,,,,0,,
157018,02,14,001,001,0005,2026/0164/02/000091,01,01,0000,10,1,,"78/4A PT,78/9A PT", ,,,1,3,,,7,3,6,0.00,,0,1,29.5,0.00,1072,,99,-,TR.NO/2026/0158/02/000606-2026-05-13 11:38:06.594   AS PER THE PROCEEDINGS BY THE COMMISSIONER OF URBAN LAND CEILING AND URBAN LAND TAX PROC NO 3782/2016/J3 DATED 29.11.2021,,,,,,,,,,Y,N,2026-07-21 17:54:42.723+05:30,,காலி,0.00,91,2026-07-23 00:00:00+05:30,C,,1072,,0,,0,,
157019,02,14,001,001,0005,2026/0164/02/000091,01,01,0000,10,2,,"78/4A PT,78/9A PT", ,,,2,G,,,7,3,6,0.00,,0,1,39.5,0.00,1,,99,-,TR.NO/2026/0158/02/000606-2026-05-13 11:38:06.594   AS PER THE PROCEEDINGS BY THE COMMISSIONER OF URBAN LAND CEILING AND URBAN LAND TAX PROC NO 3782/2016/J3 DATED 29.11.2021,,,,,,,,,,Y,N,2026-07-21 17:54:42.723+05:30,,காலி,0.00,91,2026-07-23 00:00:00+05:30,C,,-,84029,0,,0,,
1,02,14,001,008,0045,2026/0169/02/001180,01,01,0000,94,0,,298/PT,N,,11,2,1,0,,8,,9,2.25,,0,0,75.0,0.00,93486,,99,,TR.NO/2026/0169/02/001180-2026-03-11 16:20:27.62TR.NO/2025/0172/02/024139-2025-08-13 16:25:11.624,,,,,,,,,,Y,Y,2026-03-11 16:20:27.62+05:30,,வீடு,0.00,J8/4678/2023,2023-03-01 00:00:00+05:30,,,,,,,0,,
1,02,14,001,008,0045,2026/0169/02/001180,01,04,0000,94,0,,298/PT,N,,11,1,1,0,,8,,9,2.25,,0,0,75.0,0.00,93486,,99,,TR.NO/2025/0172/02/024139-2025-08-13 16:25:11.624,,,,,,,,,,Y,Y,2026-03-11 16:20:27.62+05:30,,வீடு,0.00,,,,,,,,,0,,
1,02,14,001,008,0045,2026/0169/02/001181,01,01,0000,95,0,,298/PT,N,,11,2,1,0,,8,,9,2.25,,0,0,75.0,0.00,93487,,99,,TR.NO/2026/0169/02/001181-2026-03-11 16:21:08.503TR.NO/2025/0172/02/024140-2025-08-13 16:26:03.052,,,,,,,,,,Y,Y,2026-03-11 16:21:08.503+05:30,,வீடு,0.00,J8/4678/2023,2023-03-01 00:00:00+05:30,,,,,,,0,,
1,02,14,001,008,0045,2026/0169/02/001181,01,04,0000,95,0,,298/PT,N,,11,1,1,0,,8,,9,2.25,,0,0,75.0,0.00,93487,,99,,TR.NO/2025/0172/02/024140-2025-08-13 16:26:03.052,,,,,,,,,,Y,Y,2026-03-11 16:21:08.503+05:30,,வீடு,0.00,,,,,,,,,0,,
1,02,14,001,008,0045,2026/0169/02/001182,01,01,0000,96,0,,298/PT,N,,13,2,1,0,,8,,9,2.25,,0,0,75.0,0.00,93488,,99,,TR.NO/2026/0169/02/001182-2026-03-11 16:21:47.685TR.NO/2025/0172/02/024142-2025-08-13 16:27:33.381,,,,,,,,,,Y,Y,2026-03-11 16:21:47.685+05:30,,வீடு,0.00,J8/4678/2023,2023-03-01 00:00:00+05:30,,,,,,,0,,
1,02,14,001,008,0045,2026/0169/02/001182,01,04,0000,96,0,,298/PT,N,,13,1,1,0,,8,,9,2.25,,0,0,75.0,0.00,93488,,99,,TR.NO/2025/0172/02/024142-2025-08-13 16:27:33.381,,,,,,,,,,Y,Y,2026-03-11 16:21:47.685+05:30,,வீடு,0.00,,,,,,,,,0,,
1,02,14,001,008,0045,2026/0169/02/001184,01,01,0000,97,0,,298/PT,N,,14,2,1,0,,8,,9,2.25,,0,0,75.0,0.00,93489,,99,,TR.NO/2026/0169/02/001184-2026-03-11 16:22:32.116TR.NO/2025/0172/02/024143-2025-08-13 16:28:18.48,,,,,,,,,,Y,Y,2026-03-11 16:22:32.116+05:30,,காலியிடம்,0.00,J8/4678/2023,2023-03-01 00:00:00+05:30,,,,,,,0,,
1,02,14,001,008,0045,2026/0169/02/001184,01,04,0000,97,0,,298/PT,N,,14,1,1,0,,8,,9,2.25,,0,0,75.0,0.00,93489,,99,,TR.NO/2025/0172/02/024143-2025-08-13 16:28:18.48,,,,,,,,,,Y,Y,2026-03-11 16:22:32.116+05:30,,காலியிடம்,0.00,,,,,,,,,0,,
1,02,14,001,008,0045,2026/0169/02/001185,01,01,0000,98,0,,298/PT,N,,15,2,1,0,,8,,9,2.25,,0,0,74.0,0.00,93490,,99,,TR.NO/2026/0169/02/001185-2026-03-11 16:23:17.185TR.NO/2025/0172/02/024144-2025-08-13 16:29:08.11,,,,,,,,,,Y,Y,2026-03-11 16:23:17.185+05:30,,வீடு,0.00,J8/4678/2023,2023-03-01 00:00:00+05:30,,,,,,,0,,
1,02,14,001,008,0045,2026/0169/02/001185,01,04,0000,98,0,,298/PT,N,,15,1,1,0,,8,,9,2.25,,0,0,74.0,0.00,93490,,99,,TR.NO/2025/0172/02/024144-2025-08-13 16:29:08.11,,,,,,,,,,Y,Y,2026-03-11 16:23:17.185+05:30,,வீடு,0.00,,,,,,,,,0,,
1,02,14,001,008,0045,2026/0169/02/001186,01,01,0000,99,0,,298/PT,N,,16,2,1,0,,8,,9,2.25,,0,0,75.0,0.00,93491,,99,,TR.NO/2026/0169/02/001186-2026-03-11 16:23:57.451TR.NO/2025/0172/02/024146-2025-08-13 16:30:10.12,,,,,,,,,,Y,Y,2026-03-11 16:23:57.451+05:30,,வீடு,0.00,J8/4678/2023,2023-03-01 00:00:00+05:30,,,,,,,0,,
1,02,14,001,008,0045,2026/0169/02/001186,01,04,0000,99,0,,298/PT,N,,16,1,1,0,,8,,9,2.25,,0,0,75.0,0.00,93491,,99,,TR.NO/2025/0172/02/024146-2025-08-13 16:30:10.12,,,,,,,,,,Y,Y,2026-03-11 16:23:57.451+05:30,,வீடு,0.00,,,,,,,,,0,,
1,02,14,001,008,0045,2026/0169/02/001188,01,01,0000,100,0,,298/PT,N,,17,2,1,0,,8,,9,2.25,,0,0,76.0,0.00,93492,,99,,TR.NO/2026/0169/02/001188-2026-03-11 16:24:37.08TR.NO/2025/0172/02/024147-2025-08-13 16:30:48.071,,,,,,,,,,Y,Y,2026-03-11 16:24:37.08+05:30,,வீடு,0.00,J8/4678/2023,2023-03-01 00:00:00+05:30,,,,,,,0,,
1,02,14,001,008,0045,2026/0169/02/001188,01,04,0000,100,0,,298/PT,N,,17,1,1,0,,8,,9,2.25,,0,0,76.0,0.00,93492,,99,,TR.NO/2025/0172/02/024147-2025-08-13 16:30:48.071,,,,,,,,,,Y,Y,2026-03-11 16:24:37.08+05:30,,வீடு,0.00,,,,,,,,,0,,
