district_code,taluk_code,town_code,ward_code,block_code,door_no,patta_no,occ_cd,own_num,owner,owner_english,rel_num,relative,relative_english,reltn,share,address,cin_no,form6_no,assign_no,ration_card_no,epic_no,pincode,updn_dt,user_no,appl_id,slno,appl_status,operation,full_data,sex,s_patta_no,flowtype,aadhar_no
02,14,001,008,0065,,98375,,1,தமிழ்நாடு வீட்டு வசதி வாரியம்,,1,,,0,,,,,,,,,2026-03-03 11:53:32.122+05:30,,2026/0159/02/000091,1,01,02,,,,,
02,14,001,001,0026,,4298,,1,ராமலிங்கம் ,,1,துரைசாமி,,5,,,,,,,,,2026-01-01 13:56:16.645+05:30,,2026/0158/02/000005,1,01,06,,,,,
02,14,001,001,0026,,4299,,1,ராமகிருஷ்ணன்,,1,கோவிந்தராஜீலு ,,5,,,,,,,,,2026-01-01 13:58:20.412+05:30,,2026/0158/02/000006,1,01,02,,,,,
02,14,001,001,0026,,4299,,1,E.M.M.சேர்ட்டி,,1,,,0,,,,,,,,,2026-01-01 13:58:20.412+05:30,,2026/0158/02/000006,1,01,05,,,,,
02,14,001,001,0026,,4299,,1,ராமகிருஷ்ணன்,,1,கோவிந்தராஜீலு ,,5,,,,,,,,,2026-01-01 13:58:20.412+05:30,,2026/0158/02/000006,1,01,06,,,,,
02,14,001,001,0009,,1659,,1,தமிழ்நாடு அரசு,,1,-,,0,,,,,,,,,2026-03-06 12:02:49.394+05:30,,2026/0158/02/000477,1,02,04,,,,,
02,14,001,001,0009,,1659,,1,தமிழ்நாடு அரசு,,1,-,,0,,,,,,,,,2026-03-06 12:02:49.394+05:30,,2026/0158/02/000477,1,02,05,,,,,
02,14,001,001,0009,,1659,,1,தமிழ்நாடு அரசு,,1,-,,0,,,,,,,,,2026-03-06 12:02:49.394+05:30,,2026/0158/02/000477,1,02,06,,,,,
02,14,001,001,0008,,1609,,1,மரிய சூசை,,1,,,0,,,,,,,,,2026-04-11 12:14:19.857+05:30,,2026/0158/02/000583,1,01,02,,,,,
02,14,001,001,0008,,1609,,1,மரிய சூசை,,1,,,0,,,,,,,,,2026-04-11 12:14:19.857+05:30,,2026/0158/02/000583,1,01,06,,,,,
02,14,001,001,0029,,4624,,1,அம்சலம்மாள்,,1,,,0,,,,,,,,,2026-05-18 17:28:49.325+05:30,,2026/0158/02/000639,1,01,02,,,,,
02,14,001,001,0029,,4624,,1,அம்சலம்மாள்,,1,,,0,,,,,,,,,2026-05-18 17:28:49.325+05:30,,2026/0158/02/000639,1,01,06,,,,,
02,14,001,001,0003,,841,,1,722  இ.எம்.எம்.சேர்ட்டி,,1,,,0,,,,,,,,,2026-06-22 11:23:05.202+05:30,,2026/0158/02/000924,1,03,04,,,,,
02,14,001,001,0003,,841,,1,722  இ.எம்.எம்.சேர்ட்டி,,1,,,0,,,,,,,,,2026-06-22 11:23:05.202+05:30,,2026/0158/02/000924,1,03,05,,,,,
02,14,001,001,0003,,841,,1,722  இ.எம்.எம்.சேர்ட்டி,,1,,,0,,,,,,,,,2026-06-22 11:23:05.202+05:30,,2026/0158/02/000924,1,03,06,,,,,
02,14,001,001,0055,,68760,,1,கே.அரிகிருஷ்ணன்,,1,குப்புசாமி,,5,,,,,,,,,2026-08-20 12:44:29.805+05:30,,2026/0158/02/001060,1,03,04,,,,,
02,14,001,001,0055,,68760,,1,கே.அரிகிருஷ்ணன்,,1,குப்புசாமி,,5,,,,,,,,,2026-08-20 12:44:29.805+05:30,,2026/0158/02/001060,1,03,05,,,,,
02,14,001,001,0055,,68760,,1,கே.அரிகிருஷ்ணன்,,1,குப்புசாமி,,5,,,,,,,,,2026-08-20 12:44:29.805+05:30,,2026/0158/02/001060,1,03,06,,,,,
02,14,001,001,0026,,4295,,1,கே.சீனிவாசன்,,1,கே. நரசிம்மாச்சாரி ,,5,,,,,,,,,2026-01-01 13:48:42.233+05:30,,2026/0158/02/000002,1,01,01,,,,,
02,14,001,001,0026,,4295,,1,ரகுராமன்,,1,ஜெகன்நாதன்,,5,,,,,,,,,2026-01-01 13:48:42.233+05:30,,2026/0158/02/000002,1,01,05,,,,,
02,14,001,001,0026,,4295,,1,கே.சீனிவாசன்,,1,கே. நரசிம்மாச்சாரி ,,5,,,,,,,,,2026-01-01 13:48:42.233+05:30,,2026/0158/02/000002,1,01,06,,,,,
02,14,001,001,0026,,4295,,2,முரளிதரன்,,1,ஜெகன்நாதன்,,5,,,,,,,,,2026-01-01 13:48:42.233+05:30,,2026/0158/02/000002,1,01,05,,,,,
02,14,001,001,0026,,4296,,1,ரகுராமன் ,,1,ஜெகன்னாதன்,,5,,,,,,,,,2026-01-01 13:51:51.349+05:30,,2026/0158/02/000003,1,01,01,,,,,
02,14,001,001,0026,-,4296,,1,சுப்ரமணி,,1,முனுசாமி,,5,,,,,,,,,2026-01-01 13:51:51.349+05:30,,2026/0158/02/000003,1,01,05,,,,,
02,14,001,001,0026,,4296,,1,ரகுராமன் ,,1,ஜெகன்னாதன்,,5,,,,,,,,,2026-01-01 13:51:51.349+05:30,,2026/0158/02/000003,1,01,06,,,,,
02,14,001,001,0026,,4296,,2,முரளிதரன் ,,1,ஜெகன்னாதன்,,5,,,,,,,,,2026-01-01 13:51:51.349+05:30,,2026/0158/02/000003,1,01,02,,,,,
02,14,001,001,0026,,4296,,2,முரளிதரன் ,,1,ஜெகன்னாதன்,,5,,,,,,,,,2026-01-01 13:51:51.349+05:30,,2026/0158/02/000003,1,01,06,,,,,
02,14,001,001,0026,,4297,,1,சுப்பிரமணி,,1,முனுசாமி,,5,,,,,,,,,2026-01-01 13:54:04.357+05:30,,2026/0158/02/000004,1,01,01,,,,,
02,14,001,001,0026,-,4297,,1,ராமலிங்கம்,,1,துரைசாமி,,5,,,,,,,,,2026-01-01 13:54:04.357+05:30,,2026/0158/02/000004,1,01,05,,,,,
02,14,001,001,0026,,4297,,1,சுப்பிரமணி,,1,முனுசாமி,,5,,,,,,,,,2026-01-01 13:54:04.357+05:30,,2026/0158/02/000004,1,01,06,,,,,
02,14,001,001,0026,,4298,,1,ராமலிங்கம் ,,1,துரைசாமி,,5,,,,,,,,,2026-01-01 13:56:16.645+05:30,,2026/0158/02/000005,1,01,01,,,,,
02,14,001,001,0026,-,4298,,1,ராமகிருஷ்ணன்,,1,கோவிந்தராஜீலு,,5,,,,,,,,,2026-01-01 13:56:16.645+05:30,,2026/0158/02/000005,1,01,05,,,,,
02,14,001,001,0017,,83850,,1,இரா.பேச்சிநாதன்,,1,இராமசாமி பிள்ளை,,5,,,,,,,,,2026-03-03 12:09:48.815+05:30,,2026/0159/02/000092,1,01,02,,,,,
02,14,001,007,0017,,3549,,1,சங்கர் ரெட்டி,,1,பட்டாபிராமன்,,5,,,,,,,,,2026-03-17 12:57:30.271+05:30,,2026/0159/02/000119,1,01,02,,,,,
02,14,001,008,0008,,98344,,1,ராஜி நாயக்கர்,,1,,,0,,,,,,,,,2026-03-31 10:46:56.709+05:30,,2026/0159/02/000131,1,01,02,,,,,
02,14,001,005,0041,,104410,,1,வெங்கடகிருஷ்ணன்,,1,,,0,,,,,,,,,2026-05-20 10:15:12.999+05:30,,2026/0159/02/000154,1,01,02,,,,,
02,14,001,008,0059,,98380,,1,தமிழ்நாடு வீட்டுவசதி வாரியம்,,1,,,0,,,,,,,,,2026-05-20 10:35:35.282+05:30,,2026/0159/02/000155,1,01,02,,,,,
02,14,001,009,0019,-,82101,,1,கமலம்மாள்,,1,கிருஷ்ணாரெட்டி,,6,,,,,,,,,2026-01-06 16:06:40.629+05:30,,2026/0160/02/000005,1,01,03,,,,,
02,14,001,009,0019,,82102,,1,எஸ். சிந்து,,1,சரவணன்,,4,,,,,,,,,2026-01-06 16:08:05.719+05:30,,2026/0160/02/000006,1,01,03,,,,,
02,14,001,009,0019,-,82103,,1,கமலம்மாள்,,1,கிருஷ்ணாரெட்டி,,6,,,,,,,,,2026-01-06 16:10:46.83+05:30,,2026/0160/02/000007,1,01,03,,,,,
02,14,001,009,0019,-,82104,,1,எஸ். சிந்து,,1,சரவணன்,,4,,,,,,,,,2026-01-06 16:11:49.087+05:30,,2026/0160/02/000008,1,01,03,,,,,
02,14,001,005,0041,,100117,,1,வெங்கடகிருஷ்ணன்,-,1,கோவிந்தரெட்டியார்,-,5,,,,,,,,,2026-02-13 10:37:34.55+05:30,,2026/0160/02/000020,1,01,03,,,,,
02,14,001,005,0041,,100118,,1,எஸ்.பர்வீன்,,1,பி.ரிஸ்வான்,,4,,,,,,,,,2026-02-13 10:40:12.397+05:30,,2026/0160/02/000021,1,01,03,,,,,
02,14,001,005,0041,,100119,,1,ஜெ.நாராயணமூர்த்தி,,1,ஜி.ஜெயபால்,,5,,,,,,,,,2026-02-13 10:41:23.237+05:30,,2026/0160/02/000022,1,01,03,,,,,
02,14,001,001,0026,,4295,,1,கே.சீனிவாசன்,,1,கே. நரசிம்மாச்சாரி ,,5,,,,,,,,,2026-01-01 13:48:42.233+05:30,,2026/0158/02/000002,1,01,01,,,,,
02,14,001,001,0026,,4295,,1,ரகுராமன்,,1,ஜெகன்நாதன்,,5,,,,,,,,,2026-01-01 13:48:42.233+05:30,,2026/0158/02/000002,1,01,05,,,,,
02,14,001,001,0026,,4295,,1,கே.சீனிவாசன்,,1,கே. நரசிம்மாச்சாரி ,,5,,,,,,,,,2026-01-01 13:48:42.233+05:30,,2026/0158/02/000002,1,01,06,,,,,
02,14,001,001,0026,,4295,,2,முரளிதரன்,,1,ஜெகன்நாதன்,,5,,,,,,,,,2026-01-01 13:48:42.233+05:30,,2026/0158/02/000002,1,01,05,,,,,
02,14,001,001,0026,,4296,,1,ரகுராமன் ,,1,ஜெகன்னாதன்,,5,,,,,,,,,2026-01-01 13:51:51.349+05:30,,2026/0158/02/000003,1,01,01,,,,,
02,14,001,001,0026,-,4296,,1,சுப்ரமணி,,1,முனுசாமி,,5,,,,,,,,,2026-01-01 13:51:51.349+05:30,,2026/0158/02/000003,1,01,05,,,,,
02,14,001,001,0026,,4296,,1,ரகுராமன் ,,1,ஜெகன்னாதன்,,5,,,,,,,,,2026-01-01 13:51:51.349+05:30,,2026/0158/02/000003,1,01,06,,,,,
02,14,001,001,0026,,4296,,2,முரளிதரன் ,,1,ஜெகன்னாதன்,,5,,,,,,,,,2026-01-01 13:51:51.349+05:30,,2026/0158/02/000003,1,01,02,,,,,
02,14,001,001,0026,,4296,,2,முரளிதரன் ,,1,ஜெகன்னாதன்,,5,,,,,,,,,2026-01-01 13:51:51.349+05:30,,2026/0158/02/000003,1,01,06,,,,,
02,14,001,001,0026,,4297,,1,சுப்பிரமணி,,1,முனுசாமி,,5,,,,,,,,,2026-01-01 13:54:04.357+05:30,,2026/0158/02/000004,1,01,01,,,,,
02,14,001,001,0026,-,4297,,1,ராமலிங்கம்,,1,துரைசாமி,,5,,,,,,,,,2026-01-01 13:54:04.357+05:30,,2026/0158/02/000004,1,01,05,,,,,
02,14,001,001,0026,,4297,,1,சுப்பிரமணி,,1,முனுசாமி,,5,,,,,,,,,2026-01-01 13:54:04.357+05:30,,2026/0158/02/000004,1,01,06,,,,,
02,14,001,001,0026,,4298,,1,ராமலிங்கம் ,,1,துரைசாமி,,5,,,,,,,,,2026-01-01 13:56:16.645+05:30,,2026/0158/02/000005,1,01,01,,,,,
02,14,001,001,0026,-,4298,,1,ராமகிருஷ்ணன்,,1,கோவிந்தராஜீலு,,5,,,,,,,,,2026-01-01 13:56:16.645+05:30,,2026/0158/02/000005,1,01,05,,,,,
02,14,001,001,0026,,4298,,1,ராமலிங்கம் ,,1,துரைசாமி,,5,,,,,,,,,2026-01-01 13:56:16.645+05:30,,2026/0158/02/000005,1,01,06,,,,,
02,14,001,001,0026,,4299,,1,ராமகிருஷ்ணன்,,1,கோவிந்தராஜீலு ,,5,,,,,,,,,2026-01-01 13:58:20.412+05:30,,2026/0158/02/000006,1,01,02,,,,,
02,14,001,001,0026,,4299,,1,E.M.M.சேர்ட்டி,,1,,,0,,,,,,,,,2026-01-01 13:58:20.412+05:30,,2026/0158/02/000006,1,01,05,,,,,
02,14,001,001,0026,,4299,,1,ராமகிருஷ்ணன்,,1,கோவிந்தராஜீலு ,,5,,,,,,,,,2026-01-01 13:58:20.412+05:30,,2026/0158/02/000006,1,01,06,,,,,
02,14,001,001,0009,,1659,,1,தமிழ்நாடு அரசு,,1,-,,0,,,,,,,,,2026-03-06 12:02:49.394+05:30,,2026/0158/02/000477,1,02,04,,,,,
02,14,001,001,0009,,1659,,1,தமிழ்நாடு அரசு,,1,-,,0,,,,,,,,,2026-03-06 12:02:49.394+05:30,,2026/0158/02/000477,1,02,05,,,,,
02,14,001,001,0009,,1659,,1,தமிழ்நாடு அரசு,,1,-,,0,,,,,,,,,2026-03-06 12:02:49.394+05:30,,2026/0158/02/000477,1,02,06,,,,,
02,14,001,001,0008,,1609,,1,மரிய சூசை,,1,,,0,,,,,,,,,2026-04-11 12:14:19.857+05:30,,2026/0158/02/000583,1,01,02,,,,,
02,14,001,001,0008,,1609,,1,மரிய சூசை,,1,,,0,,,,,,,,,2026-04-11 12:14:19.857+05:30,,2026/0158/02/000583,1,01,06,,,,,
02,14,001,001,0029,,4624,,1,அம்சலம்மாள்,,1,,,0,,,,,,,,,2026-05-18 17:28:49.325+05:30,,2026/0158/02/000639,1,01,02,,,,,
02,14,001,001,0029,,4624,,1,அம்சலம்மாள்,,1,,,0,,,,,,,,,2026-05-18 17:28:49.325+05:30,,2026/0158/02/000639,1,01,06,,,,,
02,14,001,001,0003,,841,,1,722  இ.எம்.எம்.சேர்ட்டி,,1,,,0,,,,,,,,,2026-06-22 11:23:05.202+05:30,,2026/0158/02/000924,1,03,04,,,,,
02,14,001,001,0003,,841,,1,722  இ.எம்.எம்.சேர்ட்டி,,1,,,0,,,,,,,,,2026-06-22 11:23:05.202+05:30,,2026/0158/02/000924,1,03,05,,,,,
02,14,001,001,0003,,841,,1,722  இ.எம்.எம்.சேர்ட்டி,,1,,,0,,,,,,,,,2026-06-22 11:23:05.202+05:30,,2026/0158/02/000924,1,03,06,,,,,
02,14,001,001,0055,,68760,,1,கே.அரிகிருஷ்ணன்,,1,குப்புசாமி,,5,,,,,,,,,2026-08-20 12:44:29.805+05:30,,2026/0158/02/001060,1,03,04,,,,,
02,14,001,001,0055,,68760,,1,கே.அரிகிருஷ்ணன்,,1,குப்புசாமி,,5,,,,,,,,,2026-08-20 12:44:29.805+05:30,,2026/0158/02/001060,1,03,05,,,,,
02,14,001,001,0055,,68760,,1,கே.அரிகிருஷ்ணன்,,1,குப்புசாமி,,5,,,,,,,,,2026-08-20 12:44:29.805+05:30,,2026/0158/02/001060,1,03,06,,,,,
02,14,001,008,0065,,98375,,1,தமிழ்நாடு வீட்டு வசதி வாரியம்,,1,,,0,,,,,,,,,2026-03-03 11:53:32.122+05:30,,2026/0159/02/000091,1,01,02,,,,,
02,14,001,001,0017,,83850,,1,இரா.பேச்சிநாதன்,,1,இராமசாமி பிள்ளை,,5,,,,,,,,,2026-03-03 12:09:48.815+05:30,,2026/0159/02/000092,1,01,02,,,,,
02,14,001,007,0017,,3549,,1,சங்கர் ரெட்டி,,1,பட்டாபிராமன்,,5,,,,,,,,,2026-03-17 12:57:30.271+05:30,,2026/0159/02/000119,1,01,02,,,,,
02,14,001,008,0008,,98344,,1,ராஜி நாயக்கர்,,1,,,0,,,,,,,,,2026-03-31 10:46:56.709+05:30,,2026/0159/02/000131,1,01,02,,,,,
02,14,001,005,0041,,104410,,1,வெங்கடகிருஷ்ணன்,,1,,,0,,,,,,,,,2026-05-20 10:15:12.999+05:30,,2026/0159/02/000154,1,01,02,,,,,
02,14,001,008,0059,,98380,,1,தமிழ்நாடு வீட்டுவசதி வாரியம்,,1,,,0,,,,,,,,,2026-05-20 10:35:35.282+05:30,,2026/0159/02/000155,1,01,02,,,,,
02,14,001,009,0019,-,82101,,1,கமலம்மாள்,,1,கிருஷ்ணாரெட்டி,,6,,,,,,,,,2026-01-06 16:06:40.629+05:30,,2026/0160/02/000005,1,01,03,,,,,
02,14,001,009,0019,,82102,,1,எஸ். சிந்து,,1,சரவணன்,,4,,,,,,,,,2026-01-06 16:08:05.719+05:30,,2026/0160/02/000006,1,01,03,,,,,
02,14,001,009,0019,-,82103,,1,கமலம்மாள்,,1,கிருஷ்ணாரெட்டி,,6,,,,,,,,,2026-01-06 16:10:46.83+05:30,,2026/0160/02/000007,1,01,03,,,,,
02,14,001,009,0019,-,82104,,1,எஸ். சிந்து,,1,சரவணன்,,4,,,,,,,,,2026-01-06 16:11:49.087+05:30,,2026/0160/02/000008,1,01,03,,,,,
02,14,001,005,0041,,100117,,1,வெங்கடகிருஷ்ணன்,-,1,கோவிந்தரெட்டியார்,-,5,,,,,,,,,2026-02-13 10:37:34.55+05:30,,2026/0160/02/000020,1,01,03,,,,,
02,14,001,005,0041,,100118,,1,எஸ்.பர்வீன்,,1,பி.ரிஸ்வான்,,4,,,,,,,,,2026-02-13 10:40:12.397+05:30,,2026/0160/02/000021,1,01,03,,,,,
02,14,001,005,0041,,100119,,1,ஜெ.நாராயணமூர்த்தி,,1,ஜி.ஜெயபால்,,5,,,,,,,,,2026-02-13 10:41:23.237+05:30,,2026/0160/02/000022,1,01,03,,,,,
02,14,001,001,0008,,1,,1,R .கீதா,,1,R .B . ராஜு,,4,,,,,,,,,2026-01-22 19:31:28.902+05:30,,2026/0164/02/000007,273555,03,01,,F,,,
02,14,001,001,0008,,1,,1,M.தீனதயாளன்,,1,D .முனுசாமி,,5,,,,,,,,,2026-02-18 15:18:10.065+05:30,,2026/0164/02/000024,275201,03,01,,M,,,
02,14,001,001,0008,,1,,1,S.SHANTHI,,1,S.SANKARAN,,4,,,,,,,,,2026-03-16 11:39:31.884+05:30,,2026/0164/02/000044,276934,03,01,,F,,,
02,14,001,001,0021,,1,,1,BALAKRISHNAN J,,1,JAYAKUMAR,,5,,,,,,,,,2026-05-21 18:24:55.722+05:30,,2026/0164/02/000060,279284,03,01,,M,,,
02,14,001,001,0021,,1,,2,JANANEE,,1,JAYAKUMAR,,6,,,,,,,,,2026-05-21 18:24:55.722+05:30,,2026/0164/02/000060,279285,03,01,,F,,,
02,14,001,001,0009,,1,,1,K.R .கோபிநாத்,,1,K.R . ராகவன்,,5,,,,,,,,,2026-05-22 15:41:04.788+05:30,,2026/0164/02/000061,279378,03,01,,M,,,
02,14,001,001,0013,,1,,1,A.F.DOMINIC SAVIO ROMEND,,1,FRANCIS JOSEPH,,5,,,,,,,,,2026-05-22 17:54:25.346+05:30,,2026/0164/02/000062,279391,03,01,,M,,,
02,14,001,001,0013,,1,,2,Dr.NIRMALA DOMINIC,,1,A.F.DOMINIC SAVIO ROMEND,,4,,,,,,,,,2026-05-22 17:54:25.346+05:30,,2026/0164/02/000062,279392,03,01,,F,,,
02,14,001,001,0016,,1,,1,C.RAGINI,,1,R.CHANDRASEKAR,,4,,,,,,,,,2026-05-27 10:42:30.147+05:30,,2026/0164/02/000063,279607,03,01,,F,,,
02,14,001,001,0009,,1,,1,மு.ஆனந்தன்,,1,P முனுசாமி,,5,,,,,,,,,2026-06-03 12:33:15.377+05:30,,2026/0164/02/000067,280146,03,01,,M,,,
02,14,001,001,0008,,1,,1,M.சுரேஷ்,,1,மாசிலாமணி,,5,,,,,,,,,2026-06-11 19:02:35.087+05:30,,2026/0164/02/000071,280793,03,01,,M,,,
02,14,001,001,0008,,1,,1,மைதிலி,,1,K.P. ரத்தினம்,,4,,,,,,,,,2026-06-11 19:07:59.373+05:30,,2026/0164/02/000072,280794,03,01,,F,,,
02,14,001,001,0020,,1,,1,மாரியம்மாள்.வா,,1,வாசுதேவன்,,4,,,,,,,,,2026-07-01 14:26:05.517+05:30,,2026/0164/02/000085,282322,03,01,,M,,,
02,14,001,001,0020,,1,,2,புருஷோத்தமன். வா,,1,வாசுதேவன்,,5,,,,,,,,,2026-07-01 14:26:05.517+05:30,,2026/0164/02/000085,282323,03,01,,M,,,
02,14,001,001,0020,,1,,3,பாலாஜி. வா,,1,வாசுதேவன்,,5,,,,,,,,,2026-07-01 14:26:05.517+05:30,,2026/0164/02/000085,282324,03,01,,M,,,
02,14,001,001,0020,,1,,4,விமலா. ரா,,1,வாசுதேவன்,,6,,,,,,,,,2026-07-01 14:26:05.517+05:30,,2026/0164/02/000085,282325,03,01,,M,,,
02,14,001,001,0020,,1,,1,K.வெற்றி செல்வி,,1,குமரகுரு,,4,,,,,,,,,2026-07-02 18:06:53.85+05:30,,2026/0164/02/000086,282438,03,01,,F,,,
02,14,001,001,0005,,1,,1,N. பிரபு,,1,நடேசன்,,5,,,,,,,,,2026-07-21 17:54:42.723+05:30,,2026/0164/02/000091,284196,03,01,,M,,,
02,14,001,001,0005,,1,,2,P. பர்வதவர்த்தினி,,1,N. பிரபு,,4,,,,,,,,,2026-07-21 17:54:42.723+05:30,,2026/0164/02/000091,284197,03,01,,F,,,
02,14,001,008,0045,,93486,,1,269.சிவகாமிஅம்மாள்,,1,-,,0,,,,,,,,,2026-03-11 16:20:27.62+05:30,,2026/0169/02/001180,1,01,01,,,,,
02,14,001,008,0045,,93486,,1,269.சிவகாமிஅம்மாள்,,1,-,,0,,,,,,,,,2026-03-11 16:20:27.62+05:30,,2026/0169/02/001180,1,01,04,,,,,
02,14,001,008,0045,,93487,,1,269.சிவகாமிஅம்மாள்,,1,-,,0,,,,,,,,,2026-03-11 16:21:08.503+05:30,,2026/0169/02/001181,1,01,01,,,,,
02,14,001,008,0045,,93487,,1,269.சிவகாமிஅம்மாள்,,1,-,,0,,,,,,,,,2026-03-11 16:21:08.503+05:30,,2026/0169/02/001181,1,01,04,,,,,
02,14,001,008,0045,,93488,,1,269.சிவகாமிஅம்மாள்,,1,-,,0,,,,,,,,,2026-03-11 16:21:47.685+05:30,,2026/0169/02/001182,1,01,01,,,,,
02,14,001,008,0045,,93488,,1,269.சிவகாமிஅம்மாள்,,1,-,,0,,,,,,,,,2026-03-11 16:21:47.685+05:30,,2026/0169/02/001182,1,01,04,,,,,
02,14,001,008,0045,,93489,,1,269.சிவகாமிஅம்மாள்,,1,-,,0,,,,,,,,,2026-03-11 16:22:32.116+05:30,,2026/0169/02/001184,1,01,01,,,,,
02,14,001,008,0045,,93489,,1,269.சிவகாமிஅம்மாள்,,1,-,,0,,,,,,,,,2026-03-11 16:22:32.116+05:30,,2026/0169/02/001184,1,01,04,,,,,
02,14,001,008,0045,,93490,,1,269.சிவகாமி அம்மாள்,,1,-,,0,,,,,,,,,2026-03-11 16:23:17.185+05:30,,2026/0169/02/001185,1,01,01,,,,,
02,14,001,008,0045,,93490,,1,269.சிவகாமி அம்மாள்,,1,-,,0,,,,,,,,,2026-03-11 16:23:17.185+05:30,,2026/0169/02/001185,1,01,04,,,,,
02,14,001,008,0045,,93491,,1,269.சிவகாமி அம்மாள்,,1,-,,0,,,,,,,,,2026-03-11 16:23:57.451+05:30,,2026/0169/02/001186,1,01,01,,,,,
02,14,001,008,0045,,93491,,1,269.சிவகாமி அம்மாள்,,1,-,,0,,,,,,,,,2026-03-11 16:23:57.451+05:30,,2026/0169/02/001186,1,01,04,,,,,
02,14,001,008,0045,,93492,,1,269.சிவகாமிஅம்மாள்,,1,-,,0,,,,,,,,,2026-03-11 16:24:37.08+05:30,,2026/0169/02/001188,1,01,01,,,,,
02,14,001,008,0045,,93492,,1,269.சிவகாமிஅம்மாள்,,1,-,,0,,,,,,,,,2026-03-11 16:24:37.08+05:30,,2026/0169/02/001188,1,01,04,,,,,
